Type,Dataset Titel,URL,Metadata Service,Metadata Data
wmts,Basisregistratie Topografie (BRT) BRT Achtergrondkaart (BRT-A),https://service.pdok.nl/brt/achtergrondkaart/wmts/v2_0?request=getcapabilities&service=wmts,https://www.nationaalgeoregister.nl/geonetwork/srv/dut/catalog.search#/metadata/6d23a02b-5a8a-447e-a481-ddb2a085c1fa,https://www.nationaalgeoregister.nl/geonetwork/srv/dut/catalog.search#/metadata/3373be8c-8539-4763-bc22-eba23ac1898f
wms,Kaderrichtlijn Mariene Strategie,https://service.pdok.nl/rws/richtlijnmarienestrategienederland/wms/v1_0?request=GetCapabilities&service=WMS,https://www.nationaalgeoregister.nl/geonetwork/srv/dut/catalog.search#/metadata/4041f923-6b77-4816-bf46-437e85416c31,https://www.nationaalgeoregister.nl/geonetwork/srv/dut/catalog.search#/metadata/0deb6c22-a6ae-453d-a956-205f52141ca1
wms,Liander elektriciteitsnetten,https://service.pdok.nl/liander/elektriciteitsnetten/wms/v1_0?request=getCapabilities&service=WMS,https://www.nationaalgeoregister.nl/geonetwork/srv/dut/catalog.search#/metadata/3977b4c0-a060-40bb-87ec-2a83c92390f4,https://www.nationaalgeoregister.nl/geonetwork/srv/dut/catalog.search#/metadata/3869b8c8-4a80-493f-a260-27c1cb11e0c7
wfs,Liander elektriciteitsnetten,https://service.pdok.nl/liander/elektriciteitsnetten/wfs/v1_0?request=getCapabilities&service=WFS,https://www.nationaalgeoregister.nl/geonetwork/srv/dut/catalog.search#/metadata/3a140bc9-e9ab-4985-ac5e-2d8f40c6129a,https://www.nationaalgeoregister.nl/geonetwork/srv/dut/catalog.search#/metadata/3869b8c8-4a80-493f-a260-27c1cb11e0c7
wms,Richtlijn Overstromingsrisico,https://service.pdok.nl/rws/richtlijnoverstromingsrisico/wms/v1_0?request=GetCapabilities&service=WMS,https://www.nationaalgeoregister.nl/geonetwork/srv/dut/catalog.search#/metadata/2ca26f5e-0b39-48a4-9e8d-7b9ffde9a5b0,https://www.nationaalgeoregister.nl/geonetwork/srv/dut/catalog.search#/metadata/44b2a450-7000-46fd-a068-e33b26edbd13
wms,Beschermde Gebieden - Cultuurhistorie (INSPIRE geharmoniseerd),https://service.pdok.nl/rce/ps-ch/wms/v1_0?request=GetCapabilities&service=WMS,https://www.nationaalgeoregister.nl/geonetwork/srv/dut/catalog.search#/metadata/7b8f44b5-6eae-4113-a835-84b8678c3dd5,https://www.nationaalgeoregister.nl/geonetwork/srv/dut/catalog.search#/metadata/493ab81b-75f8-4205-b030-6b2fd9eb4295
wfs,Beschermde Gebieden - Cultuurhistorie (INSPIRE geharmoniseerd),https://service.pdok.nl/rce/ps-ch/wfs/v1_0?request=GetCapabilities&service=wfs,https://www.nationaalgeoregister.nl/geonetwork/srv/dut/catalog.search#/metadata/101a2cc7-bb53-4a16-98f9-bab1f4745b01,https://www.nationaalgeoregister.nl/geonetwork/srv/dut/catalog.search#/metadata/493ab81b-75f8-4205-b030-6b2fd9eb4295
wms,Publiekrechtelijke beperkingen,https://service.pdok.nl/kadaster/wkpb/wms/v1_0?request=GetCapabilities&service=WMS,https://www.nationaalgeoregister.nl/geonetwork/srv/dut/catalog.search#/metadata/56a3a4f1-c1a0-4eb7-9a2b-b84e41f8903b,https://www.nationaalgeoregister.nl/geonetwork/srv/dut/catalog.search#/metadata/5d2ffea6-e7c5-4e29-9474-c13718828779
wfs,Publiekrechtelijke beperkingen,https://service.pdok.nl/kadaster/wkpb/wfs/v1_0?request=GetCapabilities&service=WFS,https://www.nationaalgeoregister.nl/geonetwork/srv/dut/catalog.search#/metadata/d556f31b-97f1-467f-9451-096004a30067,https://www.nationaalgeoregister.nl/geonetwork/srv/dut/catalog.search#/metadata/5d2ffea6-e7c5-4e29-9474-c13718828779
wms,BRO Model Grondwaterspiegeldiepte (WDM),https://service.pdok.nl/bzk/bro-grondwaterspiegeldiepte/wms/v2_0?request=GetCapabilities&service=WMS,https://www.nationaalgeoregister.nl/geonetwork/srv/dut/catalog.search#/metadata/757a7c50-540d-4105-9135-73f09f700743,https://www.nationaalgeoregister.nl/geonetwork/srv/dut/catalog.search#/metadata/b756dabe-a331-42cd-b45e-f61828ee4534
wms,Nationaal Wegen Bestand (NWB) - Vaarwegen,https://service.pdok.nl/rws/nwbvaarwegen/wms/v1_0?request=getcapabilities&service=WMS,https://www.nationaalgeoregister.nl/geonetwork/srv/dut/catalog.search#/metadata/598c4109-21d2-4a6c-b083-9975a6736849,https://www.nationaalgeoregister.nl/geonetwork/srv/dut/catalog.search#/metadata/00d8c7c8-98ff-4b06-8f53-b44216e6e75c
wms,Waterschappen Waterbeheergebieden IMWA,https://service.pdok.nl/hwh/waterbeheergebiedenimwa/wms/v1_0?request=GetCapabilities&service=WMS,http://www.nationaalgeoregister.nl/geonetwork/srv/dut/catalog.search#/metadata/5243bd74-591f-4fb3-9b70-90d4827b189b,http://www.nationaalgeoregister.nl/geonetwork/srv/dut/catalog.search#/metadata/ffd6dd97-9764-4d57-8a94-6ac6f695eae2
wms,BRO - Wandonderzoek (SFR) - Bodem (INSPIRE geharmoniseerd),https://service.pdok.nl/bzk/bodem/bro-wandonderzoek/wms/v1_0?Service=WMS&Request=GetCapabilities,https://www.nationaalgeoregister.nl/geonetwork/srv/dut/catalog.search#/metadata/bc4277fe-7d0b-4d5e-9782-cccb1753f5f5,https://www.nationaalgeoregister.nl/geonetwork/srv/dut/catalog.search#/metadata/7400a9d7-7bf1-48da-8d81-a38e75723ea5
wms,CBS Bevolkingskernen 2021,https://service.pdok.nl/cbs/bevolkingskernen/2021/wms/v1_0?request=GetCapabilities&service=WMS,https://www.nationaalgeoregister.nl/geonetwork/srv/dut/catalog.search#/metadata/9c934be6-9e4b-4abb-beb1-5cffbe9c2b5e,https://www.nationaalgeoregister.nl/geonetwork/srv/dut/catalog.search#/metadata/9b795b71-e772-4315-a087-a2560343e2fe
wfs,CBS Bevolkingskernen 2021,https://service.pdok.nl/cbs/bevolkingskernen/2021/wfs/v1_0?request=GetCapabilities&service=WFS,https://www.nationaalgeoregister.nl/geonetwork/srv/dut/catalog.search#/metadata/bf109290-5364-4cd4-957a-3aae19c5e57c,https://www.nationaalgeoregister.nl/geonetwork/srv/dut/catalog.search#/metadata/9b795b71-e772-4315-a087-a2560343e2fe
wms,CBS Gebiedsindelingen 1995-2015,https://service.pdok.nl/cbs/gebiedsindelingen/2015/wms/v1_0?request=GetCapabilities&service=WMS,https://www.nationaalgeoregister.nl/geonetwork/srv/dut/catalog.search#/metadata/46aec24f-75ff-424f-b5d4-5785baf1c05a,https://www.nationaalgeoregister.nl/geonetwork/srv/dut/catalog.search#/metadata/290d86cf-9791-4c1a-8bf2-c1520cf3563a
wfs,CBS Gebiedsindelingen 1995-2015,https://service.pdok.nl/cbs/gebiedsindelingen/2015/wfs/v1_0?request=GetCapabilities&service=WFS,https://www.nationaalgeoregister.nl/geonetwork/srv/dut/catalog.search#/metadata/714b7381-9257-426e-8f5c-bd5080946208,https://www.nationaalgeoregister.nl/geonetwork/srv/dut/catalog.search#/metadata/290d86cf-9791-4c1a-8bf2-c1520cf3563a
wms,CBS Gebiedsindelingen 1995-2015,https://service.pdok.nl/cbs/gebiedsindelingen/2014/wms/v1_0?request=GetCapabilities&service=WMS,https://www.nationaalgeoregister.nl/geonetwork/srv/dut/catalog.search#/metadata/c6215ca8-c93d-47a4-83e0-5f28c95c8ef1,https://www.nationaalgeoregister.nl/geonetwork/srv/dut/catalog.search#/metadata/290d86cf-9791-4c1a-8bf2-c1520cf3563a
wfs,CBS Gebiedsindelingen 1995-2015,https://service.pdok.nl/cbs/gebiedsindelingen/2014/wfs/v1_0?request=GetCapabilities&service=WFS,https://www.nationaalgeoregister.nl/geonetwork/srv/dut/catalog.search#/metadata/5935a31d-f245-4d08-a4af-7fb90da3c30b,https://www.nationaalgeoregister.nl/geonetwork/srv/dut/catalog.search#/metadata/290d86cf-9791-4c1a-8bf2-c1520cf3563a
wms,CBS Gebiedsindelingen 1995-2015,https://service.pdok.nl/cbs/gebiedsindelingen/2013/wms/v1_0?request=GetCapabilities&service=WMS,https://www.nationaalgeoregister.nl/geonetwork/srv/dut/catalog.search#/metadata/11228517-e794-48f1-bc9d-1d02bc65b153,https://www.nationaalgeoregister.nl/geonetwork/srv/dut/catalog.search#/metadata/290d86cf-9791-4c1a-8bf2-c1520cf3563a
wfs,CBS Gebiedsindelingen 1995-2015,https://service.pdok.nl/cbs/gebiedsindelingen/2013/wfs/v1_0?request=GetCapabilities&service=WFS,https://www.nationaalgeoregister.nl/geonetwork/srv/dut/catalog.search#/metadata/f055b7fd-a5b5-4f7e-ae85-bff72f3246f0,https://www.nationaalgeoregister.nl/geonetwork/srv/dut/catalog.search#/metadata/290d86cf-9791-4c1a-8bf2-c1520cf3563a
wms,CBS Gebiedsindelingen 1995-2015,https://service.pdok.nl/cbs/gebiedsindelingen/2012/wms/v1_0?request=GetCapabilities&service=WMS,https://www.nationaalgeoregister.nl/geonetwork/srv/dut/catalog.search#/metadata/df2b57b0-baef-45da-b00a-36914a11832e,https://www.nationaalgeoregister.nl/geonetwork/srv/dut/catalog.search#/metadata/290d86cf-9791-4c1a-8bf2-c1520cf3563a
wfs,CBS Gebiedsindelingen 1995-2015,https://service.pdok.nl/cbs/gebiedsindelingen/2012/wfs/v1_0?request=GetCapabilities&service=WFS,https://www.nationaalgeoregister.nl/geonetwork/srv/dut/catalog.search#/metadata/532aad7c-a5f4-4958-a32d-f27b7f272a0c,https://www.nationaalgeoregister.nl/geonetwork/srv/dut/catalog.search#/metadata/290d86cf-9791-4c1a-8bf2-c1520cf3563a
wms,CBS Gebiedsindelingen 1995-2015,https://service.pdok.nl/cbs/gebiedsindelingen/2011/wms/v1_0?request=GetCapabilities&service=WMS,https://www.nationaalgeoregister.nl/geonetwork/srv/dut/catalog.search#/metadata/93fec593-8e79-4941-8bd6-1c1e60fcae0d,https://www.nationaalgeoregister.nl/geonetwork/srv/dut/catalog.search#/metadata/290d86cf-9791-4c1a-8bf2-c1520cf3563a
wfs,CBS Gebiedsindelingen 1995-2015,https://service.pdok.nl/cbs/gebiedsindelingen/2011/wfs/v1_0?request=GetCapabilities&service=WFS,https://www.nationaalgeoregister.nl/geonetwork/srv/dut/catalog.search#/metadata/d0a74fe3-a9e9-40b6-973e-f4cdbaf83eac,https://www.nationaalgeoregister.nl/geonetwork/srv/dut/catalog.search#/metadata/290d86cf-9791-4c1a-8bf2-c1520cf3563a
wms,CBS Gebiedsindelingen 1995-2015,https://service.pdok.nl/cbs/gebiedsindelingen/2010/wms/v1_0?request=GetCapabilities&service=WMS,https://www.nationaalgeoregister.nl/geonetwork/srv/dut/catalog.search#/metadata/2da8a230-04f4-4555-9fe5-8ead97211fe8,https://www.nationaalgeoregister.nl/geonetwork/srv/dut/catalog.search#/metadata/290d86cf-9791-4c1a-8bf2-c1520cf3563a
wfs,CBS Gebiedsindelingen 1995-2015,https://service.pdok.nl/cbs/gebiedsindelingen/2010/wfs/v1_0?request=GetCapabilities&service=WFS,https://www.nationaalgeoregister.nl/geonetwork/srv/dut/catalog.search#/metadata/fdbb1ab4-57cb-4393-bea7-5cbf260c24d6,https://www.nationaalgeoregister.nl/geonetwork/srv/dut/catalog.search#/metadata/290d86cf-9791-4c1a-8bf2-c1520cf3563a
wms,CBS Gebiedsindelingen 1995-2015,https://service.pdok.nl/cbs/gebiedsindelingen/2009/wms/v1_0?request=GetCapabilities&service=WMS,https://www.nationaalgeoregister.nl/geonetwork/srv/dut/catalog.search#/metadata/ed2d5f6a-bf78-4bd3-9183-0a3da2af5610,https://www.nationaalgeoregister.nl/geonetwork/srv/dut/catalog.search#/metadata/290d86cf-9791-4c1a-8bf2-c1520cf3563a
wfs,CBS Gebiedsindelingen 1995-2015,https://service.pdok.nl/cbs/gebiedsindelingen/2009/wfs/v1_0?request=GetCapabilities&service=WFS,https://www.nationaalgeoregister.nl/geonetwork/srv/dut/catalog.search#/metadata/238cbf1c-4313-41b2-8ac1-04734b6e5ea0,https://www.nationaalgeoregister.nl/geonetwork/srv/dut/catalog.search#/metadata/290d86cf-9791-4c1a-8bf2-c1520cf3563a
wms,CBS Gebiedsindelingen 1995-2015,https://service.pdok.nl/cbs/gebiedsindelingen/2008/wms/v1_0?request=GetCapabilities&service=WMS,https://www.nationaalgeoregister.nl/geonetwork/srv/dut/catalog.search#/metadata/c104ef51-40cb-41d9-a26e-5a66a811577b,https://www.nationaalgeoregister.nl/geonetwork/srv/dut/catalog.search#/metadata/290d86cf-9791-4c1a-8bf2-c1520cf3563a
wfs,CBS Gebiedsindelingen 1995-2015,https://service.pdok.nl/cbs/gebiedsindelingen/2008/wfs/v1_0?request=GetCapabilities&service=WFS,https://www.nationaalgeoregister.nl/geonetwork/srv/dut/catalog.search#/metadata/2bb1fdaa-7bf1-42c1-bb86-92c7080e9fbf,https://www.nationaalgeoregister.nl/geonetwork/srv/dut/catalog.search#/metadata/290d86cf-9791-4c1a-8bf2-c1520cf3563a
wms,CBS Gebiedsindelingen 1995-2015,https://service.pdok.nl/cbs/gebiedsindelingen/2007/wms/v1_0?request=GetCapabilities&service=WMS,https://www.nationaalgeoregister.nl/geonetwork/srv/dut/catalog.search#/metadata/6bfcfb68-012b-4340-bff1-02c20c576dab,https://www.nationaalgeoregister.nl/geonetwork/srv/dut/catalog.search#/metadata/290d86cf-9791-4c1a-8bf2-c1520cf3563a
wfs,CBS Gebiedsindelingen 1995-2015,https://service.pdok.nl/cbs/gebiedsindelingen/2007/wfs/v1_0?request=GetCapabilities&service=WFS,https://www.nationaalgeoregister.nl/geonetwork/srv/dut/catalog.search#/metadata/58d3f53f-912c-427f-8a90-cd9fd87224c8,https://www.nationaalgeoregister.nl/geonetwork/srv/dut/catalog.search#/metadata/290d86cf-9791-4c1a-8bf2-c1520cf3563a
wms,CBS Gebiedsindelingen 1995-2015,https://service.pdok.nl/cbs/gebiedsindelingen/2006/wms/v1_0?request=GetCapabilities&service=WMS,https://www.nationaalgeoregister.nl/geonetwork/srv/dut/catalog.search#/metadata/4e1f8946-1f20-485c-ad5c-a3027b2de9a5,https://www.nationaalgeoregister.nl/geonetwork/srv/dut/catalog.search#/metadata/290d86cf-9791-4c1a-8bf2-c1520cf3563a
wfs,CBS Gebiedsindelingen 1995-2015,https://service.pdok.nl/cbs/gebiedsindelingen/2006/wfs/v1_0?request=GetCapabilities&service=WFS,https://www.nationaalgeoregister.nl/geonetwork/srv/dut/catalog.search#/metadata/109f8924-ee68-4dc1-81ac-fb726e6314cd,https://www.nationaalgeoregister.nl/geonetwork/srv/dut/catalog.search#/metadata/290d86cf-9791-4c1a-8bf2-c1520cf3563a
wms,CBS Gebiedsindelingen 1995-2015,https://service.pdok.nl/cbs/gebiedsindelingen/2005/wms/v1_0?request=GetCapabilities&service=WMS,https://www.nationaalgeoregister.nl/geonetwork/srv/dut/catalog.search#/metadata/fe6f93df-e5b7-4e92-a9aa-a2c99a36f36d,https://www.nationaalgeoregister.nl/geonetwork/srv/dut/catalog.search#/metadata/290d86cf-9791-4c1a-8bf2-c1520cf3563a
wfs,CBS Gebiedsindelingen 1995-2015,https://service.pdok.nl/cbs/gebiedsindelingen/2005/wfs/v1_0?request=GetCapabilities&service=WFS,https://www.nationaalgeoregister.nl/geonetwork/srv/dut/catalog.search#/metadata/310979a9-0a61-43b5-9de4-42ae9184e099,https://www.nationaalgeoregister.nl/geonetwork/srv/dut/catalog.search#/metadata/290d86cf-9791-4c1a-8bf2-c1520cf3563a
wms,CBS Gebiedsindelingen 1995-2015,https://service.pdok.nl/cbs/gebiedsindelingen/2004/wms/v1_0?request=GetCapabilities&service=WMS,https://www.nationaalgeoregister.nl/geonetwork/srv/dut/catalog.search#/metadata/057e440d-821d-477b-ae4d-9ae7d5652fbd,https://www.nationaalgeoregister.nl/geonetwork/srv/dut/catalog.search#/metadata/290d86cf-9791-4c1a-8bf2-c1520cf3563a
wfs,CBS Gebiedsindelingen 1995-2015,https://service.pdok.nl/cbs/gebiedsindelingen/2004/wfs/v1_0?request=GetCapabilities&service=WFS,https://www.nationaalgeoregister.nl/geonetwork/srv/dut/catalog.search#/metadata/e0f3d86d-1996-4330-acb7-cd98648232ae,https://www.nationaalgeoregister.nl/geonetwork/srv/dut/catalog.search#/metadata/290d86cf-9791-4c1a-8bf2-c1520cf3563a
wms,CBS Gebiedsindelingen 1995-2015,https://service.pdok.nl/cbs/gebiedsindelingen/2003/wms/v1_0?request=GetCapabilities&service=WMS,https://www.nationaalgeoregister.nl/geonetwork/srv/dut/catalog.search#/metadata/3af7a35a-5b23-4a71-a320-4808c39f0e82,https://www.nationaalgeoregister.nl/geonetwork/srv/dut/catalog.search#/metadata/290d86cf-9791-4c1a-8bf2-c1520cf3563a
wfs,CBS Gebiedsindelingen 1995-2015,https://service.pdok.nl/cbs/gebiedsindelingen/2003/wfs/v1_0?request=GetCapabilities&service=WFS,https://www.nationaalgeoregister.nl/geonetwork/srv/dut/catalog.search#/metadata/83e10700-63d9-4a9b-93f9-20c86871fc5f,https://www.nationaalgeoregister.nl/geonetwork/srv/dut/catalog.search#/metadata/290d86cf-9791-4c1a-8bf2-c1520cf3563a
wms,CBS Gebiedsindelingen 1995-2015,https://service.pdok.nl/cbs/gebiedsindelingen/2002/wms/v1_0?request=GetCapabilities&service=WMS,https://www.nationaalgeoregister.nl/geonetwork/srv/dut/catalog.search#/metadata/c64ebcd6-8806-4e38-a698-a63c7178b417,https://www.nationaalgeoregister.nl/geonetwork/srv/dut/catalog.search#/metadata/290d86cf-9791-4c1a-8bf2-c1520cf3563a
wfs,CBS Gebiedsindelingen 1995-2015,https://service.pdok.nl/cbs/gebiedsindelingen/2002/wfs/v1_0?request=GetCapabilities&service=WFS,https://www.nationaalgeoregister.nl/geonetwork/srv/dut/catalog.search#/metadata/899da753-d753-4038-ac59-82919bb7d431,https://www.nationaalgeoregister.nl/geonetwork/srv/dut/catalog.search#/metadata/290d86cf-9791-4c1a-8bf2-c1520cf3563a
wms,CBS Gebiedsindelingen 1995-2015,https://service.pdok.nl/cbs/gebiedsindelingen/2001/wms/v1_0?request=GetCapabilities&service=WMS,https://www.nationaalgeoregister.nl/geonetwork/srv/dut/catalog.search#/metadata/1ad4a250-63ec-4a74-a065-af70a7ec20de,https://www.nationaalgeoregister.nl/geonetwork/srv/dut/catalog.search#/metadata/290d86cf-9791-4c1a-8bf2-c1520cf3563a
wfs,CBS Gebiedsindelingen 1995-2015,https://service.pdok.nl/cbs/gebiedsindelingen/2001/wfs/v1_0?request=GetCapabilities&service=WFS,https://www.nationaalgeoregister.nl/geonetwork/srv/dut/catalog.search#/metadata/066dd980-b0b7-4611-8284-ecab7e6732e9,https://www.nationaalgeoregister.nl/geonetwork/srv/dut/catalog.search#/metadata/290d86cf-9791-4c1a-8bf2-c1520cf3563a
wms,CBS Gebiedsindelingen 1995-2015,https://service.pdok.nl/cbs/gebiedsindelingen/2000/wms/v1_0?request=GetCapabilities&service=WMS,https://www.nationaalgeoregister.nl/geonetwork/srv/dut/catalog.search#/metadata/c5b092f1-9375-40bc-a73e-38150e2e0ee0,https://www.nationaalgeoregister.nl/geonetwork/srv/dut/catalog.search#/metadata/290d86cf-9791-4c1a-8bf2-c1520cf3563a
wfs,CBS Gebiedsindelingen 1995-2015,https://service.pdok.nl/cbs/gebiedsindelingen/2000/wfs/v1_0?request=GetCapabilities&service=WFS,https://www.nationaalgeoregister.nl/geonetwork/srv/dut/catalog.search#/metadata/54c2a45b-902a-4253-b5aa-3064e2a6a6e9,https://www.nationaalgeoregister.nl/geonetwork/srv/dut/catalog.search#/metadata/290d86cf-9791-4c1a-8bf2-c1520cf3563a
wms,CBS Gebiedsindelingen 1995-2015,https://service.pdok.nl/cbs/gebiedsindelingen/1999/wms/v1_0?request=GetCapabilities&service=WMS,https://www.nationaalgeoregister.nl/geonetwork/srv/dut/catalog.search#/metadata/ab7d12bf-626d-46a9-a7a2-918cdeb0e116,https://www.nationaalgeoregister.nl/geonetwork/srv/dut/catalog.search#/metadata/290d86cf-9791-4c1a-8bf2-c1520cf3563a
wfs,CBS Gebiedsindelingen 1995-2015,https://service.pdok.nl/cbs/gebiedsindelingen/1999/wfs/v1_0?request=GetCapabilities&service=WFS,https://www.nationaalgeoregister.nl/geonetwork/srv/dut/catalog.search#/metadata/7e50de6a-1f01-4926-bc70-d9d71ea91d16,https://www.nationaalgeoregister.nl/geonetwork/srv/dut/catalog.search#/metadata/290d86cf-9791-4c1a-8bf2-c1520cf3563a
wms,CBS Gebiedsindelingen 1995-2015,https://service.pdok.nl/cbs/gebiedsindelingen/1998/wms/v1_0?request=GetCapabilities&service=WMS,https://www.nationaalgeoregister.nl/geonetwork/srv/dut/catalog.search#/metadata/2e3cd118-50d3-4ecd-b55c-02e090a8faff,https://www.nationaalgeoregister.nl/geonetwork/srv/dut/catalog.search#/metadata/290d86cf-9791-4c1a-8bf2-c1520cf3563a
wfs,CBS Gebiedsindelingen 1995-2015,https://service.pdok.nl/cbs/gebiedsindelingen/1998/wfs/v1_0?request=GetCapabilities&service=WFS,https://www.nationaalgeoregister.nl/geonetwork/srv/dut/catalog.search#/metadata/9cd66b60-2108-492b-b4f3-bdc38e4af1f2,https://www.nationaalgeoregister.nl/geonetwork/srv/dut/catalog.search#/metadata/290d86cf-9791-4c1a-8bf2-c1520cf3563a
wms,CBS Gebiedsindelingen 1995-2015,https://service.pdok.nl/cbs/gebiedsindelingen/1997/wms/v1_0?request=GetCapabilities&service=WMS,https://www.nationaalgeoregister.nl/geonetwork/srv/dut/catalog.search#/metadata/98ad937c-c06f-45bc-ac96-41b346dd935d,https://www.nationaalgeoregister.nl/geonetwork/srv/dut/catalog.search#/metadata/290d86cf-9791-4c1a-8bf2-c1520cf3563a
wfs,CBS Gebiedsindelingen 1995-2015,https://service.pdok.nl/cbs/gebiedsindelingen/1997/wfs/v1_0?request=GetCapabilities&service=WFS,https://www.nationaalgeoregister.nl/geonetwork/srv/dut/catalog.search#/metadata/ad45c859-ad58-497a-a122-562b7e157610,https://www.nationaalgeoregister.nl/geonetwork/srv/dut/catalog.search#/metadata/290d86cf-9791-4c1a-8bf2-c1520cf3563a
wms,CBS Gebiedsindelingen 1995-2015,https://service.pdok.nl/cbs/gebiedsindelingen/1996/wms/v1_0?request=GetCapabilities&service=WMS,https://www.nationaalgeoregister.nl/geonetwork/srv/dut/catalog.search#/metadata/5bbad32c-21f0-4162-a7eb-d22350520cbd,https://www.nationaalgeoregister.nl/geonetwork/srv/dut/catalog.search#/metadata/290d86cf-9791-4c1a-8bf2-c1520cf3563a
wfs,CBS Gebiedsindelingen 1995-2015,https://service.pdok.nl/cbs/gebiedsindelingen/1996/wfs/v1_0?request=GetCapabilities&service=WFS,https://www.nationaalgeoregister.nl/geonetwork/srv/dut/catalog.search#/metadata/71463082-2859-4b75-b330-ccef50d8265f,https://www.nationaalgeoregister.nl/geonetwork/srv/dut/catalog.search#/metadata/290d86cf-9791-4c1a-8bf2-c1520cf3563a
wms,CBS Gebiedsindelingen 1995-2015,https://service.pdok.nl/cbs/gebiedsindelingen/1995/wms/v1_0?request=GetCapabilities&service=WMS,https://www.nationaalgeoregister.nl/geonetwork/srv/dut/catalog.search#/metadata/f78e1017-832d-4629-a6db-265249fc03cb,https://www.nationaalgeoregister.nl/geonetwork/srv/dut/catalog.search#/metadata/290d86cf-9791-4c1a-8bf2-c1520cf3563a
wfs,CBS Gebiedsindelingen 1995-2015,https://service.pdok.nl/cbs/gebiedsindelingen/1995/wfs/v1_0?request=GetCapabilities&service=WFS,https://www.nationaalgeoregister.nl/geonetwork/srv/dut/catalog.search#/metadata/258d470e-4807-47a1-a9d4-8e7ae02db83f,https://www.nationaalgeoregister.nl/geonetwork/srv/dut/catalog.search#/metadata/290d86cf-9791-4c1a-8bf2-c1520cf3563a
wms,Indicatieve aandachtsgebieden funderingsproblematiek,https://service.pdok.nl/rvo/indgebfunderingsproblematiek/wms/v1_0?request=GetCapabilities&service=WMS,http://www.nationaalgeoregister.nl/geonetwork/srv/dut/catalog.search#/metadata/3782c0a1-0d83-4b75-b3a5-49639652fde4,http://www.nationaalgeoregister.nl/geonetwork/srv/dut/catalog.search#/metadata/c15e6f4a-830e-4429-baac-362aff75c675
wfs,Indicatieve aandachtsgebieden funderingsproblematiek,https://service.pdok.nl/rvo/indgebfunderingsproblematiek/wfs/v1_0?&request=GetCapabilities&service=WFS,http://www.nationaalgeoregister.nl/geonetwork/srv/dut/catalog.search#/metadata/8dedc4f5-41d4-4e43-931a-16a1377fc87a,http://www.nationaalgeoregister.nl/geonetwork/srv/dut/catalog.search#/metadata/c15e6f4a-830e-4429-baac-362aff75c675
wms,Basisregistratie Gewaspercelen (BRP),https://service.pdok.nl/rvo/brpgewaspercelen/wms/v1_0?request=GetCapabilities&service=WMS,https://www.nationaalgeoregister.nl/geonetwork/srv/dut/catalog.search#/metadata/1f7d475c-179d-4c71-89ca-4b5fd210ec18,https://www.nationaalgeoregister.nl/geonetwork/srv/dut/catalog.search#/metadata/b812a145-b4fe-4331-8dc6-d914327a87ff
wfs,Basisregistratie Gewaspercelen (BRP),https://service.pdok.nl/rvo/brpgewaspercelen/wfs/v1_0?request=GetCapabilities&service=WFS,https://www.nationaalgeoregister.nl/geonetwork/srv/dut/catalog.search#/metadata/098db378-c27a-4910-87d4-addf856c17e8,https://www.nationaalgeoregister.nl/geonetwork/srv/dut/catalog.search#/metadata/b812a145-b4fe-4331-8dc6-d914327a87ff
wmts,Luchtfotolabels,https://service.pdok.nl/bzk/luchtfotolabels/wmts/v1_0?request=getcapabilities&service=wmts,http://www.nationaalgeoregister.nl/geonetwork/srv/dut/catalog.search#/metadata/70562932-e7dc-4ba2-ba4f-05863d02587c,http://www.nationaalgeoregister.nl/geonetwork/srv/dut/catalog.search#/metadata/6ca22f53-b072-42f4-b920-104c7c83cd28
wms,CBS Vierkantstatistieken 100m,https://service.pdok.nl/cbs/vierkantstatistieken100m/2022/wms/v1_0?request=GetCapabilities&service=WMS,https://www.nationaalgeoregister.nl/geonetwork/srv/dut/catalog.search#/metadata/d664846d-8b6d-43dc-acd2-f06eb751056d,https://www.nationaalgeoregister.nl/geonetwork/srv/dut/catalog.search#/metadata/1462bbce-ccd3-4362-83d8-4535ca8f44eb
wfs,CBS Vierkantstatistieken 100m,https://service.pdok.nl/cbs/vierkantstatistieken100m/2022/wfs/v1_0?request=GetCapabilities&service=WFS,https://www.nationaalgeoregister.nl/geonetwork/srv/dut/catalog.search#/metadata/1f1a61d1-5ba2-4464-baea-e7620f116d6c,https://www.nationaalgeoregister.nl/geonetwork/srv/dut/catalog.search#/metadata/1462bbce-ccd3-4362-83d8-4535ca8f44eb
wms,CBS Vierkantstatistieken 100m,https://service.pdok.nl/cbs/vierkantstatistieken100m/2021/wms/v1_0?request=GetCapabilities&service=WMS,https://www.nationaalgeoregister.nl/geonetwork/srv/dut/catalog.search#/metadata/8a1d1e07-ad95-40a4-adb1-23a3504543a4,https://www.nationaalgeoregister.nl/geonetwork/srv/dut/catalog.search#/metadata/1462bbce-ccd3-4362-83d8-4535ca8f44eb
wfs,CBS Vierkantstatistieken 100m,https://service.pdok.nl/cbs/vierkantstatistieken100m/2021/wfs/v1_0?request=GetCapabilities&service=WFS,https://www.nationaalgeoregister.nl/geonetwork/srv/dut/catalog.search#/metadata/62e11629-7fdc-4831-bf27-bc179244db43,https://www.nationaalgeoregister.nl/geonetwork/srv/dut/catalog.search#/metadata/1462bbce-ccd3-4362-83d8-4535ca8f44eb
wms,CBS Vierkantstatistieken 100m,https://service.pdok.nl/cbs/vierkantstatistieken100m/2020/wms/v1_0?request=GetCapabilities&service=WMS,https://www.nationaalgeoregister.nl/geonetwork/srv/dut/catalog.search#/metadata/78e71ad9-4f1f-4eab-a82a-99127e50e5a1,https://www.nationaalgeoregister.nl/geonetwork/srv/dut/catalog.search#/metadata/1462bbce-ccd3-4362-83d8-4535ca8f44eb
wfs,CBS Vierkantstatistieken 100m,https://service.pdok.nl/cbs/vierkantstatistieken100m/2020/wfs/v1_0?request=GetCapabilities&service=WFS,https://www.nationaalgeoregister.nl/geonetwork/srv/dut/catalog.search#/metadata/575569de-c5d1-4250-991c-4c7ef0b8d3f7,https://www.nationaalgeoregister.nl/geonetwork/srv/dut/catalog.search#/metadata/1462bbce-ccd3-4362-83d8-4535ca8f44eb
wms,CBS Vierkantstatistieken 100m,https://service.pdok.nl/cbs/vierkantstatistieken100m/2019/wms/v1_0?request=GetCapabilities&service=WMS,https://www.nationaalgeoregister.nl/geonetwork/srv/dut/catalog.search#/metadata/4bb1a3a9-22a2-47b0-85e9-72b913c07ecb,https://www.nationaalgeoregister.nl/geonetwork/srv/dut/catalog.search#/metadata/1462bbce-ccd3-4362-83d8-4535ca8f44eb
wfs,CBS Vierkantstatistieken 100m,https://service.pdok.nl/cbs/vierkantstatistieken100m/2019/wfs/v1_0?request=GetCapabilities&service=WFS,https://www.nationaalgeoregister.nl/geonetwork/srv/dut/catalog.search#/metadata/e5b2dc19-0286-422c-933e-6fb692513a25,https://www.nationaalgeoregister.nl/geonetwork/srv/dut/catalog.search#/metadata/1462bbce-ccd3-4362-83d8-4535ca8f44eb
wms,CBS Vierkantstatistieken 100m,https://service.pdok.nl/cbs/vierkantstatistieken100m/2018/wms/v1_0?request=GetCapabilities&service=WMS,https://www.nationaalgeoregister.nl/geonetwork/srv/dut/catalog.search#/metadata/add7e618-78e7-4189-abc8-a64becee7a60,https://www.nationaalgeoregister.nl/geonetwork/srv/dut/catalog.search#/metadata/1462bbce-ccd3-4362-83d8-4535ca8f44eb
wfs,CBS Vierkantstatistieken 100m,https://service.pdok.nl/cbs/vierkantstatistieken100m/2018/wfs/v1_0?request=GetCapabilities&service=WFS,https://www.nationaalgeoregister.nl/geonetwork/srv/dut/catalog.search#/metadata/27c18143-e51a-4ecf-858f-b6563cbc5a25,https://www.nationaalgeoregister.nl/geonetwork/srv/dut/catalog.search#/metadata/1462bbce-ccd3-4362-83d8-4535ca8f44eb
wms,CBS Vierkantstatistieken 100m,https://service.pdok.nl/cbs/vierkantstatistieken100m/2017/wms/v1_0?request=GetCapabilities&service=WMS,https://www.nationaalgeoregister.nl/geonetwork/srv/dut/catalog.search#/metadata/0f87998b-e629-4ee3-96ad-7c48c3d318bc,https://www.nationaalgeoregister.nl/geonetwork/srv/dut/catalog.search#/metadata/1462bbce-ccd3-4362-83d8-4535ca8f44eb
wfs,CBS Vierkantstatistieken 100m,https://service.pdok.nl/cbs/vierkantstatistieken100m/2017/wfs/v1_0?request=GetCapabilities&service=WFS,https://www.nationaalgeoregister.nl/geonetwork/srv/dut/catalog.search#/metadata/ca3f849f-b303-4757-aa30-e5cdd692e07a,https://www.nationaalgeoregister.nl/geonetwork/srv/dut/catalog.search#/metadata/1462bbce-ccd3-4362-83d8-4535ca8f44eb
wms,CBS Vierkantstatistieken 100m,https://service.pdok.nl/cbs/vierkantstatistieken100m/2016/wms/v1_0?request=GetCapabilities&service=WMS,https://www.nationaalgeoregister.nl/geonetwork/srv/dut/catalog.search#/metadata/557f39e4-faa8-4b9b-a6fa-6b929b67e0ae,https://www.nationaalgeoregister.nl/geonetwork/srv/dut/catalog.search#/metadata/1462bbce-ccd3-4362-83d8-4535ca8f44eb
wfs,CBS Vierkantstatistieken 100m,https://service.pdok.nl/cbs/vierkantstatistieken100m/2016/wfs/v1_0?request=GetCapabilities&service=WFS,https://www.nationaalgeoregister.nl/geonetwork/srv/dut/catalog.search#/metadata/d4bb0eb0-fdaf-4ce2-a005-e0b3686cb38e,https://www.nationaalgeoregister.nl/geonetwork/srv/dut/catalog.search#/metadata/1462bbce-ccd3-4362-83d8-4535ca8f44eb
wms,CBS Vierkantstatistieken 100m,https://service.pdok.nl/cbs/vierkantstatistieken100m/2015/wms/v1_0?request=GetCapabilities&service=WMS,https://www.nationaalgeoregister.nl/geonetwork/srv/dut/catalog.search#/metadata/52e5cf69-fdef-4092-8ee0-d7103b156bb5,https://www.nationaalgeoregister.nl/geonetwork/srv/dut/catalog.search#/metadata/1462bbce-ccd3-4362-83d8-4535ca8f44eb
wfs,CBS Vierkantstatistieken 100m,https://service.pdok.nl/cbs/vierkantstatistieken100m/2015/wfs/v1_0?request=GetCapabilities&service=WFS,https://www.nationaalgeoregister.nl/geonetwork/srv/dut/catalog.search#/metadata/8891985c-5178-4a9e-bb76-21625a9fb1ef,https://www.nationaalgeoregister.nl/geonetwork/srv/dut/catalog.search#/metadata/1462bbce-ccd3-4362-83d8-4535ca8f44eb
wms,CBS Vierkantstatistieken 100m,https://service.pdok.nl/cbs/vierkantstatistieken100m/2014/wms/v1_0?request=GetCapabilities&service=WMS,https://www.nationaalgeoregister.nl/geonetwork/srv/dut/catalog.search#/metadata/16830927-0127-48b1-b442-55882378cedf,https://www.nationaalgeoregister.nl/geonetwork/srv/dut/catalog.search#/metadata/1462bbce-ccd3-4362-83d8-4535ca8f44eb
wfs,CBS Vierkantstatistieken 100m,https://service.pdok.nl/cbs/vierkantstatistieken100m/2014/wfs/v1_0?request=GetCapabilities&service=WFS,https://www.nationaalgeoregister.nl/geonetwork/srv/dut/catalog.search#/metadata/a25cbbdf-544e-4bc3-b6a9-2544a574d54a,https://www.nationaalgeoregister.nl/geonetwork/srv/dut/catalog.search#/metadata/1462bbce-ccd3-4362-83d8-4535ca8f44eb
wms,CBS Vierkantstatistieken 100m,https://service.pdok.nl/cbs/vierkantstatistieken100m/2013/wms/v1_0?request=GetCapabilities&service=WMS,https://www.nationaalgeoregister.nl/geonetwork/srv/dut/catalog.search#/metadata/a4bbba49-6d8c-408d-85cc-30c3fcffeaad,https://www.nationaalgeoregister.nl/geonetwork/srv/dut/catalog.search#/metadata/1462bbce-ccd3-4362-83d8-4535ca8f44eb
wfs,CBS Vierkantstatistieken 100m,https://service.pdok.nl/cbs/vierkantstatistieken100m/2013/wfs/v1_0?request=GetCapabilities&service=WFS,https://www.nationaalgeoregister.nl/geonetwork/srv/dut/catalog.search#/metadata/bef01bd9-ea47-4a7d-9c2c-1832894019a3,https://www.nationaalgeoregister.nl/geonetwork/srv/dut/catalog.search#/metadata/1462bbce-ccd3-4362-83d8-4535ca8f44eb
wms,CBS Vierkantstatistieken 100m,https://service.pdok.nl/cbs/vierkantstatistieken100m/2012/wms/v1_0?request=GetCapabilities&service=WMS,https://www.nationaalgeoregister.nl/geonetwork/srv/dut/catalog.search#/metadata/d9aeb5c3-ff2a-441b-bdfa-15c6c2c54a3b,https://www.nationaalgeoregister.nl/geonetwork/srv/dut/catalog.search#/metadata/1462bbce-ccd3-4362-83d8-4535ca8f44eb
wfs,CBS Vierkantstatistieken 100m,https://service.pdok.nl/cbs/vierkantstatistieken100m/2012/wfs/v1_0?request=GetCapabilities&service=WFS,https://www.nationaalgeoregister.nl/geonetwork/srv/dut/catalog.search#/metadata/85c467c5-aff0-4509-9825-4965d9e962b9,https://www.nationaalgeoregister.nl/geonetwork/srv/dut/catalog.search#/metadata/1462bbce-ccd3-4362-83d8-4535ca8f44eb
wms,CBS Vierkantstatistieken 100m,https://service.pdok.nl/cbs/vierkantstatistieken100m/2011/wms/v1_0?request=GetCapabilities&service=WMS,https://www.nationaalgeoregister.nl/geonetwork/srv/dut/catalog.search#/metadata/2148f2fa-ab3c-44df-b66f-ac42ce6f1eed,https://www.nationaalgeoregister.nl/geonetwork/srv/dut/catalog.search#/metadata/1462bbce-ccd3-4362-83d8-4535ca8f44eb
wfs,CBS Vierkantstatistieken 100m,https://service.pdok.nl/cbs/vierkantstatistieken100m/2011/wfs/v1_0?request=GetCapabilities&service=WFS,https://www.nationaalgeoregister.nl/geonetwork/srv/dut/catalog.search#/metadata/2c606ae3-0290-4369-8991-c6448111ff31,https://www.nationaalgeoregister.nl/geonetwork/srv/dut/catalog.search#/metadata/1462bbce-ccd3-4362-83d8-4535ca8f44eb
wms,CBS Vierkantstatistieken 100m,https://service.pdok.nl/cbs/vierkantstatistieken100m/2010/wms/v1_0?request=GetCapabilities&service=WMS,https://www.nationaalgeoregister.nl/geonetwork/srv/dut/catalog.search#/metadata/21226249-b3cc-4ed8-be7c-83298c72d1b5,https://www.nationaalgeoregister.nl/geonetwork/srv/dut/catalog.search#/metadata/1462bbce-ccd3-4362-83d8-4535ca8f44eb
wfs,CBS Vierkantstatistieken 100m,https://service.pdok.nl/cbs/vierkantstatistieken100m/2010/wfs/v1_0?request=GetCapabilities&service=WFS,https://www.nationaalgeoregister.nl/geonetwork/srv/dut/catalog.search#/metadata/adcc5ad7-d3b3-445a-9033-1274cc7f0d61,https://www.nationaalgeoregister.nl/geonetwork/srv/dut/catalog.search#/metadata/1462bbce-ccd3-4362-83d8-4535ca8f44eb
wms,CBS Vierkantstatistieken 100m,https://service.pdok.nl/cbs/vierkantstatistieken100m/2009/wms/v1_0?request=GetCapabilities&service=WMS,https://www.nationaalgeoregister.nl/geonetwork/srv/dut/catalog.search#/metadata/b6d2d023-92d9-40a2-a020-5cc2275a450f,https://www.nationaalgeoregister.nl/geonetwork/srv/dut/catalog.search#/metadata/1462bbce-ccd3-4362-83d8-4535ca8f44eb
wfs,CBS Vierkantstatistieken 100m,https://service.pdok.nl/cbs/vierkantstatistieken100m/2009/wfs/v1_0?request=GetCapabilities&service=WFS,https://www.nationaalgeoregister.nl/geonetwork/srv/dut/catalog.search#/metadata/a252d8b4-23d3-452c-8a24-4cd65681c424,https://www.nationaalgeoregister.nl/geonetwork/srv/dut/catalog.search#/metadata/1462bbce-ccd3-4362-83d8-4535ca8f44eb
wms,CBS Vierkantstatistieken 100m,https://service.pdok.nl/cbs/vierkantstatistieken100m/2008/wms/v1_0?request=GetCapabilities&service=WMS,https://www.nationaalgeoregister.nl/geonetwork/srv/dut/catalog.search#/metadata/b78d50ac-663f-4471-8678-acdd33723f39,https://www.nationaalgeoregister.nl/geonetwork/srv/dut/catalog.search#/metadata/1462bbce-ccd3-4362-83d8-4535ca8f44eb
wfs,CBS Vierkantstatistieken 100m,https://service.pdok.nl/cbs/vierkantstatistieken100m/2008/wfs/v1_0?request=GetCapabilities&service=WFS,https://www.nationaalgeoregister.nl/geonetwork/srv/dut/catalog.search#/metadata/fbf5db58-bc1a-4767-9486-e028a2b69821,https://www.nationaalgeoregister.nl/geonetwork/srv/dut/catalog.search#/metadata/1462bbce-ccd3-4362-83d8-4535ca8f44eb
wms,CBS Vierkantstatistieken 100m,https://service.pdok.nl/cbs/vierkantstatistieken100m/2007/wms/v1_0?request=GetCapabilities&service=WMS,https://www.nationaalgeoregister.nl/geonetwork/srv/dut/catalog.search#/metadata/5d4b2ced-bc3c-4941-a89d-f5dfc618effb,https://www.nationaalgeoregister.nl/geonetwork/srv/dut/catalog.search#/metadata/1462bbce-ccd3-4362-83d8-4535ca8f44eb
wfs,CBS Vierkantstatistieken 100m,https://service.pdok.nl/cbs/vierkantstatistieken100m/2007/wfs/v1_0?request=GetCapabilities&service=WFS,https://www.nationaalgeoregister.nl/geonetwork/srv/dut/catalog.search#/metadata/55a77659-2021-4805-b4ee-4d9d123d8a52,https://www.nationaalgeoregister.nl/geonetwork/srv/dut/catalog.search#/metadata/1462bbce-ccd3-4362-83d8-4535ca8f44eb
wms,CBS Vierkantstatistieken 100m,https://service.pdok.nl/cbs/vierkantstatistieken100m/2006/wms/v1_0?request=GetCapabilities&service=WMS,https://www.nationaalgeoregister.nl/geonetwork/srv/dut/catalog.search#/metadata/394a5d9f-e98c-44aa-abfa-a57fd67aec6c,https://www.nationaalgeoregister.nl/geonetwork/srv/dut/catalog.search#/metadata/1462bbce-ccd3-4362-83d8-4535ca8f44eb
wfs,CBS Vierkantstatistieken 100m,https://service.pdok.nl/cbs/vierkantstatistieken100m/2006/wfs/v1_0?request=GetCapabilities&service=WFS,https://www.nationaalgeoregister.nl/geonetwork/srv/dut/catalog.search#/metadata/7e914f11-b775-4a12-91f1-459627ccdf5f,https://www.nationaalgeoregister.nl/geonetwork/srv/dut/catalog.search#/metadata/1462bbce-ccd3-4362-83d8-4535ca8f44eb
wms,CBS Vierkantstatistieken 100m,https://service.pdok.nl/cbs/vierkantstatistieken100m/2005/wms/v1_0?request=GetCapabilities&service=WMS,https://www.nationaalgeoregister.nl/geonetwork/srv/dut/catalog.search#/metadata/cecbe171-6ee7-427d-8658-e764049644cc,https://www.nationaalgeoregister.nl/geonetwork/srv/dut/catalog.search#/metadata/1462bbce-ccd3-4362-83d8-4535ca8f44eb
wfs,CBS Vierkantstatistieken 100m,https://service.pdok.nl/cbs/vierkantstatistieken100m/2005/wfs/v1_0?request=GetCapabilities&service=WFS,https://www.nationaalgeoregister.nl/geonetwork/srv/dut/catalog.search#/metadata/75c92c7d-1d04-4e4c-96da-1286b886a92e,https://www.nationaalgeoregister.nl/geonetwork/srv/dut/catalog.search#/metadata/1462bbce-ccd3-4362-83d8-4535ca8f44eb
wms,CBS Vierkantstatistieken 100m,https://service.pdok.nl/cbs/vierkantstatistieken100m/2004/wms/v1_0?request=GetCapabilities&service=WMS,https://www.nationaalgeoregister.nl/geonetwork/srv/dut/catalog.search#/metadata/d1f7333f-04d7-4062-b469-847c47846cd7,https://www.nationaalgeoregister.nl/geonetwork/srv/dut/catalog.search#/metadata/1462bbce-ccd3-4362-83d8-4535ca8f44eb
wfs,CBS Vierkantstatistieken 100m,https://service.pdok.nl/cbs/vierkantstatistieken100m/2004/wfs/v1_0?request=GetCapabilities&service=WFS,https://www.nationaalgeoregister.nl/geonetwork/srv/dut/catalog.search#/metadata/c39f6bad-579b-49c2-95e4-249fe997f0cb,https://www.nationaalgeoregister.nl/geonetwork/srv/dut/catalog.search#/metadata/1462bbce-ccd3-4362-83d8-4535ca8f44eb
wms,CBS Vierkantstatistieken 100m,https://service.pdok.nl/cbs/vierkantstatistieken100m/2003/wms/v1_0?request=GetCapabilities&service=WMS,https://www.nationaalgeoregister.nl/geonetwork/srv/dut/catalog.search#/metadata/0c1bc4a2-79eb-451d-9475-6e7c4adb10b0,https://www.nationaalgeoregister.nl/geonetwork/srv/dut/catalog.search#/metadata/1462bbce-ccd3-4362-83d8-4535ca8f44eb
wfs,CBS Vierkantstatistieken 100m,https://service.pdok.nl/cbs/vierkantstatistieken100m/2003/wfs/v1_0?request=GetCapabilities&service=WFS,https://www.nationaalgeoregister.nl/geonetwork/srv/dut/catalog.search#/metadata/34d4468a-780d-43cf-91f8-b1d3b3e3c7a5,https://www.nationaalgeoregister.nl/geonetwork/srv/dut/catalog.search#/metadata/1462bbce-ccd3-4362-83d8-4535ca8f44eb
wms,CBS Vierkantstatistieken 100m,https://service.pdok.nl/cbs/vierkantstatistieken100m/2002/wms/v1_0?request=GetCapabilities&service=WMS,https://www.nationaalgeoregister.nl/geonetwork/srv/dut/catalog.search#/metadata/4639209d-61b7-4e8f-955f-49092ed8964b,https://www.nationaalgeoregister.nl/geonetwork/srv/dut/catalog.search#/metadata/1462bbce-ccd3-4362-83d8-4535ca8f44eb
wfs,CBS Vierkantstatistieken 100m,https://service.pdok.nl/cbs/vierkantstatistieken100m/2002/wfs/v1_0?request=GetCapabilities&service=WFS,https://www.nationaalgeoregister.nl/geonetwork/srv/dut/catalog.search#/metadata/3e169cbc-b78d-473d-9f1d-34c3f629134a,https://www.nationaalgeoregister.nl/geonetwork/srv/dut/catalog.search#/metadata/1462bbce-ccd3-4362-83d8-4535ca8f44eb
wms,CBS Vierkantstatistieken 100m,https://service.pdok.nl/cbs/vierkantstatistieken100m/2001/wms/v1_0?request=GetCapabilities&service=WMS,https://www.nationaalgeoregister.nl/geonetwork/srv/dut/catalog.search#/metadata/84975aa1-4357-43cd-a774-d31a482a6d35,https://www.nationaalgeoregister.nl/geonetwork/srv/dut/catalog.search#/metadata/1462bbce-ccd3-4362-83d8-4535ca8f44eb
wfs,CBS Vierkantstatistieken 100m,https://service.pdok.nl/cbs/vierkantstatistieken100m/2001/wfs/v1_0?request=GetCapabilities&service=WFS,https://www.nationaalgeoregister.nl/geonetwork/srv/dut/catalog.search#/metadata/783f5c73-193c-43d5-a158-3ff4db4c77c0,https://www.nationaalgeoregister.nl/geonetwork/srv/dut/catalog.search#/metadata/1462bbce-ccd3-4362-83d8-4535ca8f44eb
wms,CBS Vierkantstatistieken 100m,https://service.pdok.nl/cbs/vierkantstatistieken100m/2000/wms/v1_0?request=GetCapabilities&service=WMS,https://www.nationaalgeoregister.nl/geonetwork/srv/dut/catalog.search#/metadata/602ad34d-fe51-48f4-8224-95835144cf68,https://www.nationaalgeoregister.nl/geonetwork/srv/dut/catalog.search#/metadata/1462bbce-ccd3-4362-83d8-4535ca8f44eb
wfs,CBS Vierkantstatistieken 100m,https://service.pdok.nl/cbs/vierkantstatistieken100m/2000/wfs/v1_0?request=GetCapabilities&service=WFS,https://www.nationaalgeoregister.nl/geonetwork/srv/dut/catalog.search#/metadata/e79ffdbb-f5cf-44ce-b5c2-ff4cbdf0abf4,https://www.nationaalgeoregister.nl/geonetwork/srv/dut/catalog.search#/metadata/1462bbce-ccd3-4362-83d8-4535ca8f44eb
wms,Nationaal Hydrologisch Instrumentarium (NHI),https://service.pdok.nl/rws/nhi/wms/v1_0?request=GetCapabilities&service=WMS,https://www.nationaalgeoregister.nl/geonetwork/srv/dut/catalog.search#/metadata/8abcd2d1-3beb-43e5-a572-2b2da05a0a98,https://www.nationaalgeoregister.nl/geonetwork/srv/dut/catalog.search#/metadata/710c381c-ab2d-45d5-a45d-af2eba811e5f
wms,Vervoersnetwerken (INSPIRE geharmoniseerd) (Kadaster),https://service.pdok.nl/kadaster/tn/wms/v1_0?request=GetCapabilities&service=WMS,https://www.nationaalgeoregister.nl/geonetwork/srv/dut/catalog.search#/metadata/dae8f9e3-99af-4d21-9feb-29f2a1693077,https://www.nationaalgeoregister.nl/geonetwork/srv/dut/catalog.search#/metadata/6c06740d-058f-4a12-bb3f-bf68efd03d09
wms,Adressen (INSPIRE geharmoniseerd),https://service.pdok.nl/kadaster/ad/wms/v1_0?request=GetCapabilities&service=WMS,https://www.nationaalgeoregister.nl/geonetwork/srv/dut/catalog.search#/metadata/5117ebc1-5a63-439b-b3ca-43b80be804fb,https://www.nationaalgeoregister.nl/geonetwork/srv/dut/catalog.search#/metadata/a5f961e9-ebdd-41e2-b8e8-ab33ed340a83
wms,Bestuurlijke Gebieden,https://service.pdok.nl/kadaster/bestuurlijkegebieden/wms/v1_0?request=GetCapabilities&service=WMS,https://www.nationaalgeoregister.nl/geonetwork/srv/dut/catalog.search#/metadata/e83de839-7b6c-4848-afe8-320b674e7726,https://www.nationaalgeoregister.nl/geonetwork/srv/dut/catalog.search#/metadata/208bc283-7c66-4ce7-8ad3-1cf3e8933fb5
wfs,Bestuurlijke Gebieden,https://service.pdok.nl/kadaster/bestuurlijkegebieden/wfs/v1_0?request=GetCapabilities&service=WFS,https://www.nationaalgeoregister.nl/geonetwork/srv/dut/catalog.search#/metadata/76f69ed9-7af1-421a-86c0-30f820fbdec0,https://www.nationaalgeoregister.nl/geonetwork/srv/dut/catalog.search#/metadata/208bc283-7c66-4ce7-8ad3-1cf3e8933fb5
wms,Begrenzingen van vergunde ontgrondingsgebieden voor zand- en grindwinning (INSPIRE geharmoniseerd),https://service.pdok.nl/provincies/begrenzingen-vergunde-ontgrondingsgebieden-zand-grindwinning/wms/v1_0?request=getcapabilities&service=wms,https://nationaalgeoregister.nl/geonetwork/srv/dut/catalog.search#/metadata/3d143d7a-7599-4cda-bcc5-619b6201c47b,https://nationaalgeoregister.nl/geonetwork/srv/dut/catalog.search#/metadata/58e7dc38-a498-4852-b4ef-908f5baa9056
wms,BRO Bodemkundig Booronderzoek (BHR-P) - Geologie (INSPIRE geharmoniseerd),https://service.pdok.nl/bzk/geologie/bro-bodemkundig-booronderzoek/wms/v1_0?request=GetCapabilities&service=WMS,https://www.nationaalgeoregister.nl/geonetwork/srv/dut/catalog.search#/metadata/ff0f3779-25cc-4150-ae3c-ec885388c59e,https://www.nationaalgeoregister.nl/geonetwork/srv/dut/catalog.search#/metadata/923f1bf3-912d-4b46-b19e-f95944b61558
wms,CBS Bestand Bodemgebruik 2010,https://service.pdok.nl/cbs/bestandbodemgebruik/2010/wms/v1_0?request=getcapabilities&service=WMS,https://www.nationaalgeoregister.nl/geonetwork/srv/dut/catalog.search#/metadata/a6e9b44a-d932-4458-8dd0-cc46d8fc9e94,https://www.nationaalgeoregister.nl/geonetwork/srv/dut/catalog.search#/metadata/bbece924-9aab-4e00-8392-bce36b8f494e
wfs,CBS Bestand Bodemgebruik 2010,https://service.pdok.nl/cbs/bestandbodemgebruik/2010/wfs/v1_0?request=getcapabilities&service=WFS,https://www.nationaalgeoregister.nl/geonetwork/srv/dut/catalog.search#/metadata/df9585ec-90e2-409e-8197-47d2e63f2a7b,https://www.nationaalgeoregister.nl/geonetwork/srv/dut/catalog.search#/metadata/bbece924-9aab-4e00-8392-bce36b8f494e
wms,Waterschappen Administratieve Eenheden (INSPIRE geharmoniseerd),https://service.pdok.nl/hwh/administratieve-eenheden/waterschapsgrenzen/wms/v1_0?request=GetCapabilities&service=WMS,https://www.nationaalgeoregister.nl/geonetwork/srv/dut/catalog.search#/metadata/f7bcefa1-6878-4eb7-b65a-d19b23b49f96,https://nationaalgeoregister.nl/geonetwork/srv/dut/catalog.search#/metadata/2d4ec7e6-50ae-4c71-bd20-5b9211e2135f
wms,BRO - Geotechnisch sondeeronderzoek (CPT) – geologie (INSPIRE geharmoniseerd),https://service.pdok.nl/bzk/geologie/bro-geotechnisch-sondeeronderzoek/wms/v1_0?request=GetCapabilities&service=WMS,https://www.nationaalgeoregister.nl/geonetwork/srv/dut/catalog.search#/metadata/54361b1e-ccea-4121-9616-fcdc9e5f2877,https://www.nationaalgeoregister.nl/geonetwork/srv/dut/catalog.search#/metadata/838e6339-1c0d-461b-bc0b-a5eeaa2c3648
wms,Waterschappen Waterschapsgrenzen IMSO,https://service.pdok.nl/hwh/waterschapsgrenzenimso/wms/v1_0?request=GetCapabilities&service=WMS,https://www.nationaalgeoregister.nl/geonetwork/srv/dut/catalog.search#/metadata/f42330b6-0a9b-427f-a3af-7aee0ecfb962,https://www.nationaalgeoregister.nl/geonetwork/srv/dut/catalog.search#/metadata/465f0e0b-9e7f-4a5f-b005-9fd0c9131e97
wms,PDOK Luchtfoto Infrarood (Open),https://service.pdok.nl/hwh/luchtfotocir/wms/v1_0?request=GetCapabilities&service=wms,https://www.nationaalgeoregister.nl/geonetwork/srv/dut/catalog.search#/metadata/d7a395a2-8673-4794-a5a6-fed6492cd580,https://www.nationaalgeoregister.nl/geonetwork/srv/dut/catalog.search#/metadata/9ed6b8ed-254a-4745-a09a-3b57137d1b69
wmts,PDOK Luchtfoto Infrarood (Open),https://service.pdok.nl/hwh/luchtfotocir/wmts/v1_0?request=GetCapabilities&service=wmts,https://www.nationaalgeoregister.nl/geonetwork/srv/dut/catalog.search#/metadata/afe2131c-8ffc-4975-a171-654745a320a4,https://www.nationaalgeoregister.nl/geonetwork/srv/dut/catalog.search#/metadata/9ed6b8ed-254a-4745-a09a-3b57137d1b69
wms,Nationaal Beschermde Gebieden (CDDA),https://service.pdok.nl/rvo/cdda/wms/v1_0?request=GetCapabilities&service=WMS,https://nationaalgeoregister.nl/geonetwork/srv/dut/catalog.search#/metadata/f5daab11-ac77-4e71-b864-8bd4bbb26804,https://www.nationaalgeoregister.nl/geonetwork/srv/dut/catalog.search#/metadata/7de447ad-5f8d-43a0-befe-10eb8faa172a
wfs,Nationaal Beschermde Gebieden (CDDA),https://service.pdok.nl/rvo/cdda/wfs/v1_0?request=GetCapabilities&service=WFS,https://nationaalgeoregister.nl/geonetwork/srv/dut/catalog.search#/metadata/75bb7062-0244-4faf-8c7d-a7a53131a044,https://www.nationaalgeoregister.nl/geonetwork/srv/dut/catalog.search#/metadata/7de447ad-5f8d-43a0-befe-10eb8faa172a
wms,Potentieel koude en warmte uit open en gesloten WKO systemen (GJ/ha.jaar),https://service.pdok.nl/rvo/wko/wms/v1_0?service=wms&request=getcapabilities,https://www.nationaalgeoregister.nl/geonetwork/srv/dut/catalog.search#/metadata/1c9b43c3-064d-40c3-aa7c-879b7376ef6f,https://www.nationaalgeoregister.nl/geonetwork/srv/dut/catalog.search#/metadata/dc5b522e-3e14-4738-9e8e-2401e1b19ef2
wfs,Potentieel koude en warmte uit open en gesloten WKO systemen (GJ/ha.jaar),https://service.pdok.nl/rvo/wko/wfs/v1_0?service=wfs&request=getcapabilities,https://www.nationaalgeoregister.nl/geonetwork/srv/dut/catalog.search#/metadata/5856173c-e58d-4b4c-8f9b-046ee1f20c1c,https://www.nationaalgeoregister.nl/geonetwork/srv/dut/catalog.search#/metadata/dc5b522e-3e14-4738-9e8e-2401e1b19ef2
wms,Schelpdierpercelen (INSPIRE geharmoniseerd),https://service.pdok.nl/rvo/landbouw-en-aquacultuur/schelpdierpercelen/wms/v1_0?request=GetCapabilities&service=WMS,https://www.nationaalgeoregister.nl/geonetwork/srv/dut/catalog.search#/metadata/f57bdee7-4027-4aa2-8312-4051b854be3c,https://www.nationaalgeoregister.nl/geonetwork/srv/dut/catalog.search#/metadata/c4b4e95a-12d7-4c74-933c-cb267cfe0bcf
wfs,Schelpdierpercelen (INSPIRE geharmoniseerd),https://service.pdok.nl/rvo/landbouw-en-aquacultuur/schelpdierpercelen/wfs/v1_0?request=GetCapabilities&service=WFS,https://www.nationaalgeoregister.nl/geonetwork/srv/dut/catalog.search#/metadata/f95af5dd-e469-43b5-8d67-e4511b29b66b,https://www.nationaalgeoregister.nl/geonetwork/srv/dut/catalog.search#/metadata/c4b4e95a-12d7-4c74-933c-cb267cfe0bcf
wms,Gebiedsbeheer eenheden - Kwetsbaar gebied - RSA (INSPIRE geharmoniseerd),https://service.pdok.nl/rws/gebiedsbeheer/kwetsbaargebied/wms/v1_0?request=GetCapabilities&service=WMS,https://www.nationaalgeoregister.nl/geonetwork/srv/dut/catalog.search#/metadata/4beff574-0237-45a2-a62f-ad002bbfd425,https://www.nationaalgeoregister.nl/geonetwork/srv/dut/catalog.search#/metadata/aa13c390-6b6c-407f-bae9-dae2ee8628fd
wfs,Gebiedsbeheer eenheden - Kwetsbaar gebied - RSA (INSPIRE geharmoniseerd),https://service.pdok.nl/rws/gebiedsbeheer/kwetsbaargebied/wfs/v1_0?request=GetCapabilities&service=WFS,https://www.nationaalgeoregister.nl/geonetwork/srv/dut/catalog.search#/metadata/da35b15d-9484-4f0a-b854-f94553a1b294,https://www.nationaalgeoregister.nl/geonetwork/srv/dut/catalog.search#/metadata/aa13c390-6b6c-407f-bae9-dae2ee8628fd
wms,KRW Oppervlaktewaterlichamen (INSPIRE geharmoniseerd),https://service.pdok.nl/ihw/gebiedsbeheer/krw-oppervlaktewaterlichamen/wms/v1_0?SERVICE=WMS&VERSION=1.3.0&request=getcapabilities,https://www.nationaalgeoregister.nl/geonetwork/srv/dut/catalog.search#/metadata/47fa281b-5352-439b-bd7c-5d7efb59673e,https://www.nationaalgeoregister.nl/geonetwork/srv/dut/catalog.search#/metadata/5619ed12-9176-4f36-8af7-a63b78f585c3
wms,Administratieve Eenheden (INSPIRE geharmoniseerd),https://service.pdok.nl/kadaster/au/wms/v2_0?request=GetCapabilities&service=WMS,https://www.nationaalgeoregister.nl/geonetwork/srv/dut/catalog.search#/metadata/01d4dab6-03ad-4e82-b719-4daf8b96ea14,https://www.nationaalgeoregister.nl/geonetwork/srv/dut/catalog.search#/metadata/7dd1fd45-ace5-41e0-93a6-64e3be231717
wms,Basisregistratie Topografie (BRT) TOPraster,https://service.pdok.nl/brt/topraster/wms/v1_0?request=GetCapabilities&service=wms,https://www.nationaalgeoregister.nl/geonetwork/srv/dut/catalog.search#/metadata/a992081a-eee5-4907-af81-7d9642074c0f,https://www.nationaalgeoregister.nl/geonetwork/srv/dut/catalog.search#/metadata/44061dee-c6cf-4a94-8513-7370867ad32e
,,,,
wms,Bodemgebruik - Land Cover (INSPIRE geharmoniseerd),https://service.pdok.nl/kadaster/lc/wms/v1_0?request=GetCapabilities&service=WMS,https://www.nationaalgeoregister.nl/geonetwork/srv/dut/catalog.search#/metadata/bfe4f5c6-b6d2-4a63-a7b7-961dd9c9fcaa,https://www.nationaalgeoregister.nl/geonetwork/srv/dut/catalog.search#/metadata/1689d1b7-ef22-417a-becd-d8d9a8a90a10
wms,Gepland Landgebruik (INSPIRE geharmoniseerd),https://service.pdok.nl/kadaster/lu/wms/v1_0?request=GetCapabilities&service=WMS,https://www.nationaalgeoregister.nl/geonetwork/srv/dut/catalog.search#/metadata/a9a8e1cf-3f4e-4067-9842-ea2a6f2d2ed9,https://www.nationaalgeoregister.nl/geonetwork/srv/dut/catalog.search#/metadata/17716ed7-ce0d-4bfd-8868-a398e5578a88
wms,BRO Booronderzoek: Geotechnische boormonsterbeschrijving en boormonsteranalyse (BHR-GT),https://service.pdok.nl/bzk/bro-geotechnischbooronderzoek/wms/v1_0?service=WMS&Request=GetCapabilities,https://www.nationaalgeoregister.nl/geonetwork/srv/dut/catalog.search#/metadata/a9065804-f397-43d7-a426-700bc43d0320,https://www.nationaalgeoregister.nl/geonetwork/srv/dut/catalog.search#/metadata/5eaaff8c-c9e1-47b9-a194-6ee727e8bd2d
wms,BRO Wandonderzoek - bodemkunde (SFR),https://service.pdok.nl/bzk/bro-wandonderzoek/wms/v1_0?request=getcapabilities&service=WMS,https://www.nationaalgeoregister.nl/geonetwork/srv/dut/catalog.search#/metadata/fceb610a-5d35-4a0c-a74b-3117b30b1533,https://www.nationaalgeoregister.nl/geonetwork/srv/dut/catalog.search#/metadata/83b0dfa4-09f3-4d2e-b6a8-9388627b68dc
,,,,
wms,BRO Bodemkundig Booronderzoek (BHR-P) - Bodem (INSPIRE geharmoniseerd),https://service.pdok.nl/bzk/bodem/bro-bodemkundig-booronderzoek/wms/v1_0?request=GetCapabilities&service=WMS,https://www.nationaalgeoregister.nl/geonetwork/srv/dut/catalog.search#/metadata/57af3675-efc5-453b-bd66-c9be4a4a0c16,https://www.nationaalgeoregister.nl/geonetwork/srv/dut/catalog.search#/metadata/7891e711-df3b-44df-bc35-81c3856a7efc
,,,,
wms,Nationaal Wegen Bestand (NWB) - Wegen,https://service.pdok.nl/rws/nwbwegen/wms/v1_0?request=GetCapabilities&service=WMS,https://www.nationaalgeoregister.nl/geonetwork/srv/dut/catalog.search#/metadata/f2437a92-ddd3-4777-a1bc-fdf4b4a7fcb8,https://www.nationaalgeoregister.nl/geonetwork/srv/dut/catalog.search#/metadata/a9b7026e-0a81-4813-93bd-ba49e6f28502
wms,Waterschappen Keringen IMWA,https://service.pdok.nl/hwh/keringenimwa/wms/v2_0?request=GetCapabilities&service=WMS,https://www.nationaalgeoregister.nl/geonetwork/srv/dut/catalog.search#/metadata/e55d0ae4-fd31-440f-8faa-9e28dcc7a5a5,https://www.nationaalgeoregister.nl/geonetwork/srv/dut/catalog.search#/metadata/efe36c79-4106-47bc-8501-35c16ed5b8c2
wms,Terugmeldingen luchtvaartobstakels (AERO),https://service.pdok.nl/defensie/luchtvaartobstakels/terugmeldingen/wms/v1_0?request=getCapabilities&service=WMS,https://www.nationaalgeoregister.nl/geonetwork/srv/dut/catalog.search#/metadata/83f0aba6-4cc7-4dd8-96ab-eec2b7cb870f,https://www.nationaalgeoregister.nl/geonetwork/srv/dut/catalog.search#/metadata/a92584d4-a250-4a0d-bbc6-a135ab6cc186
wfs,Terugmeldingen luchtvaartobstakels (AERO),https://service.pdok.nl/defensie/luchtvaartobstakels/terugmeldingen/wfs/v1_0?request=getCapabilities&service=WFS,https://www.nationaalgeoregister.nl/geonetwork/srv/dut/catalog.search#/metadata/97419038-7d2a-438c-807b-079b907ff5b5,https://www.nationaalgeoregister.nl/geonetwork/srv/dut/catalog.search#/metadata/a92584d4-a250-4a0d-bbc6-a135ab6cc186
wms,NOVEX woningbouwlocaties,https://service.pdok.nl/bzk/novexwoningbouwlocaties/wms/v1_0?request=GetCapabilities&service=WMS,https://www.nationaalgeoregister.nl/geonetwork/srv/dut/catalog.search#/metadata/bce6fb1d-5849-4b57-8dd1-bb1a616e78ed,https://www.nationaalgeoregister.nl/geonetwork/srv/dut/catalog.search#/metadata/bf23d80e-7f0e-4fa6-b33e-4f4121c2fda2
wms,CBS Bevolkingskernen 2011,https://service.pdok.nl/cbs/bevolkingskernen/2011/wms/v1_0?request=GetCapabilities&service=WMS,https://www.nationaalgeoregister.nl/geonetwork/srv/dut/catalog.search#/metadata/58ff5ae6-e81d-413a-813a-48e2e1198eea,https://www.nationaalgeoregister.nl/geonetwork/srv/dut/catalog.search#/metadata/addb5dc0-e6ec-4b89-a7c5-657db9f98f42
wfs,CBS Bevolkingskernen 2011,https://service.pdok.nl/cbs/bevolkingskernen/2011/wfs/v1_0?request=GetCapabilities&service=WFS,https://www.nationaalgeoregister.nl/geonetwork/srv/dut/catalog.search#/metadata/6a42cf8f-58b6-4254-969e-7b3c47b62eb4,https://www.nationaalgeoregister.nl/geonetwork/srv/dut/catalog.search#/metadata/addb5dc0-e6ec-4b89-a7c5-657db9f98f42
wms,Mosselzaad invanginstallaties,https://service.pdok.nl/rvo/mosselzaadinvanginstallaties/wms/v1_0?service=wms&request=getcapabilities,https://www.nationaalgeoregister.nl/geonetwork/srv/dut/catalog.search#/metadata/c78a99eb-9ba3-4307-a21b-2a64ad5da039,https://www.nationaalgeoregister.nl/geonetwork/srv/dut/catalog.search#/metadata/a04afee4-47d5-45b7-b7a0-a6f86106af11
wfs,Mosselzaad invanginstallaties,https://service.pdok.nl/rvo/mosselzaadinvanginstallaties/wfs/v1_0?service=wfs&request=getcapabilities,https://www.nationaalgeoregister.nl/geonetwork/srv/dut/catalog.search#/metadata/e9ba7d7f-6cd1-4271-bce4-56432924b338,https://www.nationaalgeoregister.nl/geonetwork/srv/dut/catalog.search#/metadata/a04afee4-47d5-45b7-b7a0-a6f86106af11
wms,KRW Monitoringlocaties (INSPIRE geharmoniseerd),https://service.pdok.nl/ihw/milieubewakingsvoorzieningen/krw-monitoringlocaties/wms/v1_0?SERVICE=WMS&VERSION=1.3.0&request=getcapabilities,https://www.nationaalgeoregister.nl/geonetwork/srv/dut/catalog.search#/metadata/da6b0798-6040-427c-8cf9-88fa3387342b,https://www.nationaalgeoregister.nl/geonetwork/srv/dut/catalog.search#/metadata/6244610d-a33c-4a4c-8071-2c656196a449
wms,KRW Stroomgebieddistricten (INSPIRE geharmoniseerd),https://service.pdok.nl/ihw/gebiedsbeheer/krw-stroomgebieddistricten/wms/v1_0?SERVICE=WMS&VERSION=1.3.0&request=getcapabilities,https://www.nationaalgeoregister.nl/geonetwork/srv/dut/catalog.search#/metadata/a4eec686-ce4d-443a-bb52-f5a5384f640e,https://www.nationaalgeoregister.nl/geonetwork/srv/dut/catalog.search#/metadata/973b09e9-6904-48cd-aee1-827c529cdf02
wms,Nationale EnergieAtlas informatielagen Kadaster,https://service.pdok.nl/kadaster/nationale-energie-atlas/wms/v1_0?request=getCapabilities&service=WMS,https://www.nationaalgeoregister.nl/geonetwork/srv/dut/catalog.search#/metadata/b7c8b63c-85b6-436b-a51b-02db606da3c1,https://www.nationaalgeoregister.nl/geonetwork/srv/dut/catalog.search#/metadata/385d1ca9-28ec-407e-945a-e837f6bfaf13
wfs,Nationale EnergieAtlas informatielagen Kadaster,https://service.pdok.nl/kadaster/nationale-energie-atlas/wfs/v1_0?request=getCapabilities&service=WFS,https://www.nationaalgeoregister.nl/geonetwork/srv/dut/catalog.search#/metadata/56b3e195-a631-4d76-a90e-0467900c65a1,https://www.nationaalgeoregister.nl/geonetwork/srv/dut/catalog.search#/metadata/385d1ca9-28ec-407e-945a-e837f6bfaf13
wms,Vaarweg Netwerk Data Service (VNDS),https://service.pdok.nl/rws/vnds/wms/v2_0?request=GetCapabilities&service=WMS,https://www.nationaalgeoregister.nl/geonetwork/srv/dut/catalog.search#/metadata/e68b46cd-7a42-41d3-89e4-051e56209f35,https://www.nationaalgeoregister.nl/geonetwork/srv/dut/catalog.search#/metadata/831f7bd7-c2ae-4336-bd2f-47ab20d7cdb7
wms,PDOK Locatieserver,,,
wms,Projecten Deltaplan Agrarisch Waterbeheer,https://service.pdok.nl/kadaster/deltaplanagrarischwaterbeheer/wms/v1_0?request=GetCapabilities&service=wms,https://www.nationaalgeoregister.nl/geonetwork/srv/dut/catalog.search#/metadata/9128fe63-f7d0-4190-b73c-4de4c0b422e9,https://www.nationaalgeoregister.nl/geonetwork/srv/dut/catalog.search#/metadata/4963350e-5ed2-4daf-9ae0-cebab3f11148
wfs,Projecten Deltaplan Agrarisch Waterbeheer,https://service.pdok.nl/kadaster/deltaplanagrarischwaterbeheer/wfs/v1_0?request=GetCapabilities&service=wfs,https://www.nationaalgeoregister.nl/geonetwork/srv/dut/catalog.search#/metadata/116cae3b-759a-46a5-87e4-a36c96390b7f,https://www.nationaalgeoregister.nl/geonetwork/srv/dut/catalog.search#/metadata/4963350e-5ed2-4daf-9ae0-cebab3f11148
,,,,
wms,Geluidzones rondom vliegvelden (INSPIRE geharmoniseerd),https://service.pdok.nl/provincies/geluidzones-rondom-vliegvelden/wms/v1_0?request=getcapabilities&service=wms,https://nationaalgeoregister.nl/geonetwork/srv/dut/catalog.search#/metadata/3bfab77c-1663-4334-b7cb-b972de6096b1,https://nationaalgeoregister.nl/geonetwork/srv/dut/catalog.search#/metadata/41023936-009d-48ec-a90d-c966895463c1
wms,Provinciale Monumenten - Provincies (INSPIRE geharmoniseerd),https://service.pdok.nl/provincies/provinciale-monumenten/wms/v1_0?request=getcapabilities&service=wms,https://www.nationaalgeoregister.nl/geonetwork/srv/dut/catalog.search#/metadata/4ce823b4-94b4-4d24-8512-519179315878,https://www.nationaalgeoregister.nl/geonetwork/srv/dut/catalog.search#/metadata/ca94a0cb-7561-4a10-a7d6-b840e56c33ff
wms,NOVEX gebieden,https://service.pdok.nl/bzk/novexgebieden/wms/v1_0?request=GetCapabilities&service=WMS,https://www.nationaalgeoregister.nl/geonetwork/srv/dut/catalog.search#/metadata/3df474bb-2f34-4ee9-b10c-0e9535d317a4,https://www.nationaalgeoregister.nl/geonetwork/srv/dut/catalog.search#/metadata/78316e85-3b64-418c-aa37-e7527a53a6b1
wms,CBS Bestand Bodemgebruik 2015,https://service.pdok.nl/cbs/bestandbodemgebruik/2015/wms/v1_0?request=getcapabilities&service=WMS,https://www.nationaalgeoregister.nl/geonetwork/srv/dut/catalog.search#/metadata/db1e010a-96f8-453e-b63c-9c27d6273157,https://www.nationaalgeoregister.nl/geonetwork/srv/dut/catalog.search#/metadata/2d3dd6d2-2d2b-4b5f-9e30-86e19ed77a56
wfs,CBS Bestand Bodemgebruik 2015,https://service.pdok.nl/cbs/bestandbodemgebruik/2015/wfs/v1_0?request=getcapabilities&service=WFS,https://www.nationaalgeoregister.nl/geonetwork/srv/dut/catalog.search#/metadata/25a99d92-ea8a-4163-82ab-3521c9b0c96b,https://www.nationaalgeoregister.nl/geonetwork/srv/dut/catalog.search#/metadata/2d3dd6d2-2d2b-4b5f-9e30-86e19ed77a56
wms,BRO - Geotechnisch booronderzoek (BHR-GT) - Geologie (INSPIRE geharmoniseerd),https://service.pdok.nl/bzk/geologie/bro-geotechnisch-booronderzoek/wms/v1_0?request=getcapabilities&service=wms,https://www.nationaalgeoregister.nl/geonetwork/srv/dut/catalog.search#/metadata/45c40b3a-6212-4227-b939-496a5ce95734,https://www.nationaalgeoregister.nl/geonetwork/srv/dut/catalog.search#/metadata/14ca0e53-d2b8-4a55-8bc9-d394e8d53e51
wms,BRO - Grondwatermonitoringput (GMW) - Geologie (INSPIRE geharmoniseerd),https://service.pdok.nl/bzk/geologie/bro-grondwatermonitoringput/wms/v1_0?request=getcapabilities&service=WMS,https://www.nationaalgeoregister.nl/geonetwork/srv/dut/catalog.search#/metadata/8d3a1f10-7719-4944-ab87-9057198bcdd7,https://www.nationaalgeoregister.nl/geonetwork/srv/dut/catalog.search#/metadata/851fc968-137e-11eb-adc1-0242ac120002
wms,Vierkant 500 meter bij 500 meter Nederland,https://service.pdok.nl/cbs/vierkant500m/wms/v1_0?request=GetCapabilities&service=wms,https://www.nationaalgeoregister.nl/geonetwork/srv/dut/catalog.search#/metadata/2a00b763-5f45-450f-96cf-795649e25f3a,https://www.nationaalgeoregister.nl/geonetwork/srv/dut/catalog.search#/metadata/5b60f267-78f0-4905-8513-d916cf669b1f
wfs,Vierkant 500 meter bij 500 meter Nederland,https://service.pdok.nl/cbs/vierkant500m/wfs/v1_0?request=GetCapabilities&service=wfs,https://www.nationaalgeoregister.nl/geonetwork/srv/dut/catalog.search#/metadata/ca46f0cf-c914-45f6-b63e-c2b0e55f34f3,https://www.nationaalgeoregister.nl/geonetwork/srv/dut/catalog.search#/metadata/5b60f267-78f0-4905-8513-d916cf669b1f
wms,CBS Postcode6,https://service.pdok.nl/cbs/postcode6/2022/wms/v1_0?request=GetCapabilities&service=WMS,https://www.nationaalgeoregister.nl/geonetwork/srv/dut/catalog.search#/metadata/6b3a2943-5f68-4986-aecc-c98c42471e22,https://www.nationaalgeoregister.nl/geonetwork/srv/dut/catalog.search#/metadata/e9841ae6-8f1d-460f-9506-a6b5ed2dc15f
wfs,CBS Postcode6,https://service.pdok.nl/cbs/postcode6/2022/wfs/v1_0?request=GetCapabilities&service=WFS,https://www.nationaalgeoregister.nl/geonetwork/srv/dut/catalog.search#/metadata/731b524e-22a7-442d-b309-dc149a02c79a,https://www.nationaalgeoregister.nl/geonetwork/srv/dut/catalog.search#/metadata/e9841ae6-8f1d-460f-9506-a6b5ed2dc15f
wms,CBS Postcode6,https://service.pdok.nl/cbs/postcode6/2021/wms/v1_0?request=GetCapabilities&service=WMS,https://www.nationaalgeoregister.nl/geonetwork/srv/dut/catalog.search#/metadata/0b896440-ebd9-4257-ba93-514ae1c3fcfb,https://www.nationaalgeoregister.nl/geonetwork/srv/dut/catalog.search#/metadata/e9841ae6-8f1d-460f-9506-a6b5ed2dc15f
wfs,CBS Postcode6,https://service.pdok.nl/cbs/postcode6/2021/wfs/v1_0?request=GetCapabilities&service=WFS,https://www.nationaalgeoregister.nl/geonetwork/srv/dut/catalog.search#/metadata/0d9c6d35-87f9-411d-a8c4-37ded112d0df,https://www.nationaalgeoregister.nl/geonetwork/srv/dut/catalog.search#/metadata/e9841ae6-8f1d-460f-9506-a6b5ed2dc15f
wms,CBS Postcode6,https://service.pdok.nl/cbs/postcode6/2020/wms/v1_0?request=GetCapabilities&service=WMS,https://www.nationaalgeoregister.nl/geonetwork/srv/dut/catalog.search#/metadata/6b3a2943-5f68-4986-aecc-c98c42471e22,https://www.nationaalgeoregister.nl/geonetwork/srv/dut/catalog.search#/metadata/e9841ae6-8f1d-460f-9506-a6b5ed2dc15f
wfs,CBS Postcode6,https://service.pdok.nl/cbs/postcode6/2020/wfs/v1_0?request=GetCapabilities&service=WFS,https://www.nationaalgeoregister.nl/geonetwork/srv/dut/catalog.search#/metadata/ed956ce3-add6-486c-92f7-0064d59423c7,https://www.nationaalgeoregister.nl/geonetwork/srv/dut/catalog.search#/metadata/e9841ae6-8f1d-460f-9506-a6b5ed2dc15f
wms,CBS Postcode6,https://service.pdok.nl/cbs/postcode6/2019/wms/v1_0?request=GetCapabilities&service=WMS,https://www.nationaalgeoregister.nl/geonetwork/srv/dut/catalog.search#/metadata/b178c667-c07e-4daa-9f03-36640e5971dd,https://www.nationaalgeoregister.nl/geonetwork/srv/dut/catalog.search#/metadata/e9841ae6-8f1d-460f-9506-a6b5ed2dc15f
wfs,CBS Postcode6,https://service.pdok.nl/cbs/postcode6/2019/wfs/v1_0?request=GetCapabilities&service=WFS,https://www.nationaalgeoregister.nl/geonetwork/srv/dut/catalog.search#/metadata/800e9565-3277-430c-ae4b-1faa51140e34,https://www.nationaalgeoregister.nl/geonetwork/srv/dut/catalog.search#/metadata/e9841ae6-8f1d-460f-9506-a6b5ed2dc15f
wms,CBS Postcode6,https://service.pdok.nl/cbs/postcode6/2018/wms/v1_0?request=GetCapabilities&service=WMS,https://www.nationaalgeoregister.nl/geonetwork/srv/dut/catalog.search#/metadata/cbe4278a-ac1c-4fd5-9600-fb1924618042,https://www.nationaalgeoregister.nl/geonetwork/srv/dut/catalog.search#/metadata/e9841ae6-8f1d-460f-9506-a6b5ed2dc15f
wfs,CBS Postcode6,https://service.pdok.nl/cbs/postcode6/2018/wfs/v1_0?request=GetCapabilities&service=WFS,https://www.nationaalgeoregister.nl/geonetwork/srv/dut/catalog.search#/metadata/391e72d3-b01c-4a4f-9bc5-7b51cf262a06,https://www.nationaalgeoregister.nl/geonetwork/srv/dut/catalog.search#/metadata/e9841ae6-8f1d-460f-9506-a6b5ed2dc15f
wms,CBS Postcode6,https://service.pdok.nl/cbs/postcode6/2017/wms/v1_0?request=GetCapabilities&service=WMS,https://www.nationaalgeoregister.nl/geonetwork/srv/dut/catalog.search#/metadata/71fee0d6-7e7e-4c41-ac3b-5226a320d0bb,https://www.nationaalgeoregister.nl/geonetwork/srv/dut/catalog.search#/metadata/e9841ae6-8f1d-460f-9506-a6b5ed2dc15f
wfs,CBS Postcode6,https://service.pdok.nl/cbs/postcode6/2017/wfs/v1_0?request=GetCapabilities&service=WFS,https://www.nationaalgeoregister.nl/geonetwork/srv/dut/catalog.search#/metadata/a3cac831-5457-45fb-932c-dbe4574ee7d2,https://www.nationaalgeoregister.nl/geonetwork/srv/dut/catalog.search#/metadata/e9841ae6-8f1d-460f-9506-a6b5ed2dc15f
wms,CBS Postcode6,https://service.pdok.nl/cbs/postcode6/2016/wms/v1_0?request=GetCapabilities&service=WMS,https://www.nationaalgeoregister.nl/geonetwork/srv/dut/catalog.search#/metadata/a0b10fc9-3fde-4e5e-a406-03e60bc734a8,https://www.nationaalgeoregister.nl/geonetwork/srv/dut/catalog.search#/metadata/e9841ae6-8f1d-460f-9506-a6b5ed2dc15f
wfs,CBS Postcode6,https://service.pdok.nl/cbs/postcode6/2016/wfs/v1_0?request=GetCapabilities&service=WFS,https://www.nationaalgeoregister.nl/geonetwork/srv/dut/catalog.search#/metadata/e553b42e-6ca6-4624-bba0-16558634383e,https://www.nationaalgeoregister.nl/geonetwork/srv/dut/catalog.search#/metadata/e9841ae6-8f1d-460f-9506-a6b5ed2dc15f
wms,CBS Postcode6,https://service.pdok.nl/cbs/postcode6/2015/wms/v1_0?request=GetCapabilities&service=WMS,https://www.nationaalgeoregister.nl/geonetwork/srv/dut/catalog.search#/metadata/77828b22-ec43-4cba-9278-888ab54e8a39,https://www.nationaalgeoregister.nl/geonetwork/srv/dut/catalog.search#/metadata/e9841ae6-8f1d-460f-9506-a6b5ed2dc15f
wfs,CBS Postcode6,https://service.pdok.nl/cbs/postcode6/2015/wfs/v1_0?request=GetCapabilities&service=WFS,https://www.nationaalgeoregister.nl/geonetwork/srv/dut/catalog.search#/metadata/d7102f9e-a529-4076-a257-eec54f479840,https://www.nationaalgeoregister.nl/geonetwork/srv/dut/catalog.search#/metadata/e9841ae6-8f1d-460f-9506-a6b5ed2dc15f
wms,Natuurmeting Op Kaart (NOK),https://service.pdok.nl/rvo/natuurmetingopkaart/wms/v1_0?request=GetCapabilities&service=WMS,https://www.nationaalgeoregister.nl/geonetwork/srv/dut/catalog.search#/metadata/84f78c62-7e4c-4511-85b3-f1bbc5550574,https://www.nationaalgeoregister.nl/geonetwork/srv/dut/catalog.search#/metadata/b167df24-57ff-49d2-9d1e-d25faacf18f6
wfs,Natuurmeting Op Kaart (NOK),https://service.pdok.nl/rvo/natuurmetingopkaart/wfs/v1_0?request=GetCapabilities&service=WFS,https://www.nationaalgeoregister.nl/geonetwork/srv/dut/catalog.search#/metadata/095a98d9-2b87-4df0-bde9-3282b77ce7c2,https://www.nationaalgeoregister.nl/geonetwork/srv/dut/catalog.search#/metadata/b167df24-57ff-49d2-9d1e-d25faacf18f6
wms,Habitatrichtlijn verspreiding van habitattypen,https://service.pdok.nl/rvo/habitatrichtlijntypen/wms/v1_0?request=GetCapabilities&service=WMS,https://www.nationaalgeoregister.nl/geonetwork/srv/dut/catalog.search#/metadata/b0119753-5625-4500-9df3-13823ff9868f,https://www.nationaalgeoregister.nl/geonetwork/srv/dut/catalog.search#/metadata/977e0e94-7aa9-4784-b2da-eaec44adb61b
wfs,Habitatrichtlijn verspreiding van habitattypen,https://service.pdok.nl/rvo/habitatrichtlijntypen/wfs/v1_0?request=GetCapabilities&service=WFS,https://nationaalgeoregister.nl/geonetwork/srv/dut/catalog.search#/metadata/af4841b5-ce83-4edb-af41-429a21140316,https://nationaalgeoregister.nl/geonetwork/srv/dut/catalog.search#/metadata/977e0e94-7aa9-4784-b2da-eaec44adb61b
wms,KRW Deelstroomgebieddistricten (INSPIRE geharmoniseerd),https://service.pdok.nl/ihw/gebiedsbeheer/krw-deelstroomgebieddistricten/wms/v1_0?SERVICE=WMS&VERSION=1.3.0&request=getcapabilities,https://www.nationaalgeoregister.nl/geonetwork/srv/dut/catalog.search#/metadata/a4eec686-ce4d-443a-bb52-f5a5384f640e,https://www.nationaalgeoregister.nl/geonetwork/srv/dut/catalog.search#/metadata/973b09e9-6904-48cd-aee1-827c529cdf02
wmts,Basisregistratie Grootschalige Topografie (BGT),https://service.pdok.nl/lv/bgt/wmts/v1_0?request=GetCapabilities&service=WMTS,https://www.nationaalgeoregister.nl/geonetwork/srv/dut/catalog.search?node=geonetwork#/metadata/2891cc29-0a79-46d1-8649-287046d621c7,https://www.nationaalgeoregister.nl/geonetwork/srv/dut/catalog.search?node=geonetwork#/metadata/2cb4769c-b56e-48fa-8685-c48f61b9a319
wms,RD info,https://service.pdok.nl/kadaster/rdinfo/wms/v1_0?request=getcapabilities&service=WMS,http://www.nationaalgeoregister.nl/geonetwork/srv/dut/catalog.search#/metadata/609d0c9e-173f-4f90-b020-c91ab3a0b6ef,http://www.nationaalgeoregister.nl/geonetwork/srv/dut/catalog.search#/metadata/29c17585-e702-463f-a5dc-99d34b17d333
wfs,RD info,https://service.pdok.nl/kadaster/rdinfo/wfs/v1_0?request=getcapabilities&service=WFS,http://www.nationaalgeoregister.nl/geonetwork/srv/dut/catalog.search#/metadata/3ebe56dc-5f09-4fb3-b224-55c2db4ca2fd,http://www.nationaalgeoregister.nl/geonetwork/srv/dut/catalog.search#/metadata/29c17585-e702-463f-a5dc-99d34b17d333
wms,Weggegevens,https://service.pdok.nl/rws/weggeg/wms/v1_0?request=GetCapabilities&service=WMS,https://www.nationaalgeoregister.nl/geonetwork/srv/dut/catalog.search#/metadata/598c4109-21d2-4a6c-b083-9975a6736853,https://www.nationaalgeoregister.nl/geonetwork/srv/dut/catalog.search#/metadata/abaf1e22-55aa-4a11-a855-7ac963e4a82b
wms,Human Health Statistics Netherlands (INSPIRE geharmoniseerd),https://service.pdok.nl/cbs/hh/wms/v1_0?request=GetCapabilities&service=WMS,https://nationaalgeoregister.nl/geonetwork/srv/dut/catalog.search#/metadata/f0c6fbfe-a172-4223-8af3-58f6a28c881d,https://nationaalgeoregister.nl/geonetwork/srv/dut/catalog.search#/metadata/12bb57cd-73e0-41ba-a1e9-6d986b9109d3
wfs,Human Health Statistics Netherlands (INSPIRE geharmoniseerd),https://service.pdok.nl/cbs/hh/wfs/v1_0?request=GetCapabilities&service=WFS,https://nationaalgeoregister.nl/geonetwork/srv/dut/catalog.search#/metadata/8129296b-b9c1-489f-990a-df4a879e12b2,https://nationaalgeoregister.nl/geonetwork/srv/dut/catalog.search#/metadata/12bb57cd-73e0-41ba-a1e9-6d986b9109d3
wms,Grondwaterbeschermingsgebieden (INSPIRE geharmoniseerd),https://service.pdok.nl/provincies/grondwaterbeschermingsgebieden/wms/v1_0?request=getcapabilities&service=wms,https://www.nationaalgeoregister.nl/geonetwork/srv/dut/catalog.search#/metadata/2e5571fb-c840-4d84-8224-62ee7293b2b3,https://www.nationaalgeoregister.nl/geonetwork/srv/dut/catalog.search#/metadata/666554ed-5106-487d-b4bf-69fbd888a6d7
wms,Kadastrale kaart,https://service.pdok.nl/kadaster/kadastralekaart/wms/v5_0?request=GetCapabilities&service=WMS,https://www.nationaalgeoregister.nl/geonetwork/srv/dut/catalog.search#/metadata/97cf6a64-9cfc-4ce6-9741-2db44fd27fca,https://www.nationaalgeoregister.nl/geonetwork/srv/dut/catalog.search#/metadata/a29917b9-3426-4041-a11b-69bcb2256904
wfs,Kadastrale kaart,https://service.pdok.nl/kadaster/kadastralekaart/wfs/v5_0?request=GetCapabilities&service=WFS,https://www.nationaalgeoregister.nl/geonetwork/srv/dut/catalog.search#/metadata/ff9315c8-f25a-4d01-9245-5cf058314ebf,https://www.nationaalgeoregister.nl/geonetwork/srv/dut/catalog.search#/metadata/a29917b9-3426-4041-a11b-69bcb2256904
wmts,Kadastrale kaart,https://service.pdok.nl/kadaster/kadastralekaart/wmts/v5_0?request=GetCapabilities&service=WMTS,https://www.nationaalgeoregister.nl/geonetwork/srv/dut/catalog.search#/metadata/ad797d3c-0fb1-4a1a-a88b-1f1691765859,https://www.nationaalgeoregister.nl/geonetwork/srv/dut/catalog.search#/metadata/a29917b9-3426-4041-a11b-69bcb2256904
wms,Waterschappen Nuts-Overheidsdiensten (INSPIRE geharmoniseerd),https://service.pdok.nl/hwh/nutsdiensten-en-overheidsdiensten/wms/v1_0?request=GetCapabilities&service=WMS,https://www.nationaalgeoregister.nl/geonetwork/srv/dut/catalog.search#/metadata/efaf0a10-340c-46f3-bb53-9b70ba46b0a4,http://www.nationaalgeoregister.nl/geonetwork/srv/dut/catalog.search#/metadata/bffcd5d9-02b4-4e7d-991f-a386611cad84
wms,Spoorwegen,https://service.pdok.nl/prorail/spoorwegen/wms/v1_0?request=GetCapabilities&service=WMS,https://www.nationaalgeoregister.nl/geonetwork/srv/dut/catalog.search#/metadata/f97f50f1-4fe7-47f7-b4a3-1221d8938577,https://www.nationaalgeoregister.nl/geonetwork/srv/dut/catalog.search#/metadata/061d5632-41f0-430a-a69d-7564960eb077
wfs,Spoorwegen,https://service.pdok.nl/prorail/spoorwegen/wfs/v1_0?request=GetCapabilities&service=WFS,https://www.nationaalgeoregister.nl/geonetwork/srv/dut/catalog.search#/metadata/2768fd98-3d2a-4790-886c-7435fc0ad4f6,https://www.nationaalgeoregister.nl/geonetwork/srv/dut/catalog.search#/metadata/061d5632-41f0-430a-a69d-7564960eb077
wms,Wetlands (INSPIRE geharmoniseerd),https://service.pdok.nl/rvo/beschermdegebieden/wetlands/wms/v1_0?request=GetCapabilities&service=WMS,http://nationaalgeoregister.nl/geonetwork/srv/dut/catalog.search#/metadata/275b64ab-34c2-41f8-8904-97812c7f716e,http://nationaalgeoregister.nl/geonetwork/srv/dut/catalog.search#/metadata/19165027-a13a-4c19-9013-ec1fd191019d
wfs,Wetlands (INSPIRE geharmoniseerd),https://service.pdok.nl/rvo/beschermdegebieden/wetlands/wfs/v1_0?request=GetCapabilities&service=WFS,http://nationaalgeoregister.nl/geonetwork/srv/dut/catalog.search#/metadata/bc0b75c6-3eef-49de-aca2-8483024903c1,http://nationaalgeoregister.nl/geonetwork/srv/dut/catalog.search#/metadata/19165027-a13a-4c19-9013-ec1fd191019d
wms,Habitatrichtlijn verspreiding van soorten,https://service.pdok.nl/rvo/habitatrichtlijnsoorten/wms/v1_0?request=GetCapabilities&service=WMS,https://nationaalgeoregister.nl/geonetwork/srv/dut/catalog.search#/metadata/1ce74355-763a-481d-b9d7-aaafbf0d7d53,https://nationaalgeoregister.nl/geonetwork/srv/dut/catalog.search#/metadata/28c4780a-1a44-4376-b283-14a50a481729
wfs,Habitatrichtlijn verspreiding van soorten,https://service.pdok.nl/rvo/habitatrichtlijnsoorten/wfs/v1_0?request=GetCapabilities&service=WFS,https://nationaalgeoregister.nl/geonetwork/srv/dut/catalog.search#/metadata/9c4862c3-0bab-49c3-bc2f-ac5486826766,https://nationaalgeoregister.nl/geonetwork/srv/dut/catalog.search#/metadata/28c4780a-1a44-4376-b283-14a50a481729
wms,Wetlands,https://service.pdok.nl/rvo/wetlands/wms/v1_0?request=getcapabilities&service=WMS,https://www.nationaalgeoregister.nl/geonetwork/srv/dut/catalog.search#/metadata/85e7cf82-b0f2-45d6-84d4-154e203ebf70,https://www.nationaalgeoregister.nl/geonetwork/srv/dut/catalog.search#/metadata/07d73b60-dfd6-4c54-9c82-9fac70c6c48e
wfs,Wetlands,https://service.pdok.nl/rvo/wetlands/wfs/v1_0?request=getcapabilities&service=WFS,http://www.nationaalgeoregister.nl/geonetwork/srv/dut/catalog.search#/metadata/68a42961-ed55-436b-a412-cc7424fd2a6e,http://www.nationaalgeoregister.nl/geonetwork/srv/dut/catalog.search#/metadata/07d73b60-dfd6-4c54-9c82-9fac70c6c48e
wms,Windsnelheden 100m hoogte,https://service.pdok.nl/rvo/windkaart/wms/v1_0?request=getcapabilities&service=wms,http://www.nationaalgeoregister.nl/geonetwork/srv/dut/catalog.search#/metadata/d981070b-888c-42d5-85ff-1e383f3d7fce,http://www.nationaalgeoregister.nl/geonetwork/srv/dut/catalog.search#/metadata/d845cef6-0e23-4212-a951-b69763e39ef0
wfs,Windsnelheden 100m hoogte,https://service.pdok.nl/rvo/windkaart/wfs/v1_0?request=getcapabilities&service=wfs,http://www.nationaalgeoregister.nl/geonetwork/srv/dut/catalog.search#/metadata/180b6682-5d6f-429d-abb7-32f7d6253787,http://www.nationaalgeoregister.nl/geonetwork/srv/dut/catalog.search#/metadata/d845cef6-0e23-4212-a951-b69763e39ef0
wms,Ruimtelijke plannen,https://service.pdok.nl/kadaster/plu/wms/v1_0?request=getcapabilities&service=wms,http://www.nationaalgeoregister.nl/geonetwork/srv/dut/catalog.search#/metadata/6c62e0a5-c215-4e47-94b0-a239e264417d,http://www.nationaalgeoregister.nl/geonetwork/srv/dut/catalog.search#/metadata/17716ed7-ce0d-4bfd-8868-a398e5578a36
wms,KRW Grondwaterlichamen (INSPIRE geharmoniseerd),https://service.pdok.nl/ihw/gebiedsbeheer/krw-grondwaterlichamen/wms/v1_0?SERVICE=WMS&VERSION=1.3.0&request=getcapabilities,https://www.nationaalgeoregister.nl/geonetwork/srv/dut/catalog.search#/metadata/61518417-818c-4b49-92de-20b64510f13e,https://www.nationaalgeoregister.nl/geonetwork/srv/dut/catalog.search#/metadata/e09b134d-b150-4685-9651-bb81d8626cf3
wms,KRW Beschermde Gebieden - Schelpdierwater (INSPIRE geharmoniseerd),https://service.pdok.nl/ihw/gebiedsbeheer/krw-beschermde-gebieden-schelpdierwater/wms/v1_0?SERVICE=WMS&VERSION=1.3.0&request=getcapabilities,https://www.nationaalgeoregister.nl/geonetwork/srv/dut/catalog.search#/metadata/5d453fdd-3535-44ab-a119-89babf8a1bcd,https://www.nationaalgeoregister.nl/geonetwork/srv/dut/catalog.search#/metadata/5e5a2689-d407-4e10-8d8d-d3e738e81c3e
